{"type":"FeatureCollection","features":[{"type":"Feature","properties":{"codlogradouro":"28720","nome":"Rua Infante Dom Henrique"},"geometry":{"type":"LineString","coordinates":[[-34.879508,-8.065239],[-34.87931,-8.065266],[-34.87895,-8.065311],[-34.878882,-8.065323],[-34.878838,-8.065334]]}},{"type":"Feature","properties":{"codlogradouro":"67121","nome":"Ponte Boa Vista"},"geometry":{"type":"LineString","coordinates":[[-34.882531,-8.063431],[-34.880904,-8.063881]]}},{"type":"Feature","properties":{"codlogradouro":"109002","nome":"Rio Capibaribe"},"geometry":{"type":"LineString","coordinates":[[-34.884488,-8.065618],[-34.884244,-8.065959]]}},{"type":"Feature","properties":{"codlogradouro":"109002","nome":"Rio Capibaribe"},"geometry":{"type":"LineString","coordinates":[[-34.881052,-8.062436],[-34.881626,-8.063681],[-34.882008,-8.064141],[-34.882431,-8.064365],[-34.883598,-8.064813],[-34.884685,-8.065211],[-34.884759,-8.065238],[-34.885178,-8.065513],[-34.885542,-8.065789],[-34.885975,-8.066268],[-34.886196,-8.066818],[-34.886347,-8.067427],[-34.88657,-8.06849],[-34.886708,-8.069072],[-34.886942,-8.069607],[-34.887283,-8.070151],[-34.887508,-8.070488],[-34.887923,-8.070898],[-34.888336,-8.071071],[-34.888782,-8.071102],[-34.889204,-8.071054],[-34.889913,-8.070879],[-34.890941,-8.070329],[-34.891968,-8.069718],[-34.893096,-8.068945],[-34.893814,-8.068503],[-34.894772,-8.067999],[-34.895499,-8.067713],[-34.896037,-8.067678],[-34.896459,-8.067667],[-34.897216,-8.067742],[-34.897759,-8.067837],[-34.898256,-8.067923],[-34.898794,-8.067911],[-34.899257,-8.067733],[-34.899678,-8.067463],[-34.900066,-8.067077],[-34.900393,-8.066419],[-34.900686,-8.06565],[-34.900896,-8.063905],[-34.900873,-8.063027],[-34.900791,-8.062255],[-34.900727,-8.061884]]}},{"type":"Feature","properties":{"codlogradouro":"109002","nome":"Rio Capibaribe"},"geometry":{"type":"LineString","coordinates":[[-34.876514,-8.057293],[-34.876514,-8.057294],[-34.876961,-8.05745],[-34.878222,-8.058214],[-34.878643,-8.05881],[-34.879247,-8.059711],[-34.879423,-8.059906],[-34.880984,-8.062359]]}},{"type":"Feature","properties":{"codlogradouro":"28010","nome":"Avenida Guararapes"},"geometry":{"type":"LineString","coordinates":[[-34.878531,-8.063735],[-34.878386,-8.063816]]}},{"type":"Feature","properties":{"codlogradouro":"28010","nome":"Avenida Guararapes"},"geometry":{"type":"LineString","coordinates":[[-34.879731,-8.063196],[-34.879721,-8.063201],[-34.878571,-8.063864]]}},{"type":"Feature","properties":{"codlogradouro":"28010","nome":"Avenida Guararapes"},"geometry":{"type":"LineString","coordinates":[[-34.880523,-8.062882],[-34.880063,-8.06316],[-34.879809,-8.063292],[-34.879731,-8.063196]]}},{"type":"Feature","properties":{"codlogradouro":"28010","nome":"Avenida Guararapes"},"geometry":{"type":"LineString","coordinates":[[-34.880461,-8.062775],[-34.879731,-8.063196]]}},{"type":"Feature","properties":{"codlogradouro":"28010","nome":"Avenida Guararapes"},"geometry":{"type":"LineString","coordinates":[[-34.880411,-8.062689],[-34.879708,-8.063081],[-34.878532,-8.063735]]}},{"type":"Feature","properties":{"codlogradouro":"28010","nome":"Avenida Guararapes"},"geometry":{"type":"LineString","coordinates":[[-34.880323,-8.062536],[-34.879603,-8.062952]]}},{"type":"Feature","properties":{"codlogradouro":"19054","nome":"Avenida Dantas Barreto"},"geometry":{"type":"LineString","coordinates":[[-34.884575,-8.073335],[-34.884588,-8.073225],[-34.884589,-8.073213],[-34.884588,-8.073197],[-34.884583,-8.073182],[-34.884576,-8.073167],[-34.884574,-8.073163],[-34.88419,-8.07267],[-34.884119,-8.072576],[-34.884068,-8.072468],[-34.884,-8.072416]]}},{"type":"Feature","properties":{"codlogradouro":"19054","nome":"Avenida Dantas Barreto"},"geometry":{"type":"LineString","coordinates":[[-34.885026,-8.073293],[-34.885014,-8.073288],[-34.884952,-8.07326],[-34.884893,-8.073226],[-34.884839,-8.073185],[-34.884792,-8.073141],[-34.88475,-8.073098],[-34.884442,-8.07273],[-34.8842,-8.07244],[-34.884094,-8.072311],[-34.8833,-8.071346],[-34.883167,-8.071185],[-34.882609,-8.070484],[-34.88235,-8.070169],[-34.881678,-8.069351],[-34.881648,-8.069309],[-34.881619,-8.069259],[-34.881589,-8.069218],[-34.881575,-8.069202],[-34.881164,-8.068702],[-34.880975,-8.068427],[-34.880839,-8.068267],[-34.880738,-8.068134],[-34.880478,-8.067828],[-34.880287,-8.067598]]}},{"type":"Feature","properties":{"codlogradouro":"19054","nome":"Avenida Dantas Barreto"},"geometry":{"type":"LineString","coordinates":[[-34.88171,-8.069181],[-34.881722,-8.069215],[-34.881744,-8.069241],[-34.882047,-8.069624],[-34.882211,-8.069819],[-34.882448,-8.070104],[-34.882728,-8.070436],[-34.883234,-8.07106],[-34.883403,-8.071277],[-34.883791,-8.071746],[-34.884073,-8.072102],[-34.884173,-8.072229]]}},{"type":"Feature","properties":{"codlogradouro":"19054","nome":"Avenida Dantas Barreto"},"geometry":{"type":"LineString","coordinates":[[-34.880287,-8.067598],[-34.880249,-8.067473],[-34.880192,-8.067388],[-34.88007,-8.067212],[-34.879963,-8.067062],[-34.879947,-8.06702],[-34.879847,-8.066835],[-34.879776,-8.06666],[-34.879688,-8.066459],[-34.879693,-8.066308],[-34.879751,-8.06578]]}},{"type":"Feature","properties":{"codlogradouro":"19054","nome":"Avenida Dantas Barreto"},"geometry":{"type":"LineString","coordinates":[[-34.880287,-8.067598],[-34.880218,-8.067514],[-34.880088,-8.06739],[-34.879943,-8.067256],[-34.87987,-8.067188],[-34.879799,-8.06713],[-34.879737,-8.067055],[-34.879662,-8.066975],[-34.879587,-8.066873],[-34.879509,-8.066772],[-34.879461,-8.066682],[-34.879404,-8.066581],[-34.879358,-8.066483],[-34.879085,-8.065897],[-34.878948,-8.065572],[-34.878838,-8.065334],[-34.878765,-8.065193],[-34.878726,-8.065112],[-34.878703,-8.065008],[-34.878651,-8.064837],[-34.878628,-8.064642],[-34.878612,-8.064474],[-34.878611,-8.064364],[-34.878597,-8.064054],[-34.878573,-8.063863]]}},{"type":"Feature","properties":{"codlogradouro":"19054","nome":"Avenida Dantas Barreto"},"geometry":{"type":"LineString","coordinates":[[-34.878571,-8.063864],[-34.878639,-8.063756],[-34.878531,-8.063735],[-34.878446,-8.063036],[-34.87839,-8.062679],[-34.87831,-8.062199],[-34.878231,-8.06169],[-34.878187,-8.061443],[-34.878183,-8.061409],[-34.878187,-8.061373],[-34.878198,-8.061339],[-34.878215,-8.061307],[-34.878238,-8.06128],[-34.878281,-8.061244]]}},{"type":"Feature","properties":{"codlogradouro":"19054","nome":"Avenida Dantas Barreto"},"geometry":{"type":"LineString","coordinates":[[-34.878098,-8.061287],[-34.87812,-8.061451],[-34.878149,-8.061706],[-34.878233,-8.062608],[-34.878258,-8.062696],[-34.878331,-8.063399],[-34.878386,-8.063816],[-34.878448,-8.064285],[-34.878467,-8.064401],[-34.878473,-8.064434],[-34.878484,-8.064585],[-34.87853,-8.064816],[-34.878576,-8.065025],[-34.878617,-8.065159],[-34.878655,-8.065233],[-34.878688,-8.065321],[-34.878698,-8.065343],[-34.878728,-8.065407],[-34.878733,-8.065418],[-34.878925,-8.065848],[-34.878962,-8.065921],[-34.879128,-8.066199],[-34.879287,-8.066553],[-34.879305,-8.06659],[-34.879451,-8.066871],[-34.879525,-8.066998],[-34.879575,-8.067072],[-34.879631,-8.067162],[-34.879697,-8.067247],[-34.880072,-8.067737],[-34.880148,-8.06782],[-34.880869,-8.0687],[-34.881419,-8.069391],[-34.881618,-8.06963],[-34.882152,-8.0703],[-34.882273,-8.070452],[-34.8831,-8.071481],[-34.883292,-8.071721],[-34.883905,-8.072487]]}},{"type":"Feature","properties":{"codlogradouro":"75396","nome":"Cais Santa Rita"},"geometry":{"type":"LineString","coordinates":[[-34.880074,-8.072674],[-34.879952,-8.072617],[-34.879526,-8.072451],[-34.879057,-8.072282],[-34.878906,-8.072223],[-34.87889,-8.0722],[-34.878853,-8.07218],[-34.878799,-8.072143],[-34.878758,-8.072108],[-34.876187,-8.071117],[-34.876157,-8.071106],[-34.8761,-8.071077],[-34.876046,-8.071042],[-34.875997,-8.071002],[-34.875953,-8.070955],[-34.875914,-8.070904],[-34.875889,-8.070862],[-34.87585,-8.07079],[-34.875691,-8.070486],[-34.875538,-8.070177],[-34.875391,-8.069866],[-34.875327,-8.069725],[-34.874727,-8.068378],[-34.874726,-8.068375],[-34.874714,-8.068334],[-34.87471,-8.068292],[-34.874714,-8.06825],[-34.874713,-8.068204],[-34.874724,-8.06815]]}},{"type":"Feature","properties":{"codlogradouro":"75396","nome":"Cais Santa Rita"},"geometry":{"type":"LineString","coordinates":[[-34.878018,-8.07168],[-34.878466,-8.071857],[-34.878692,-8.071965],[-34.878745,-8.071981],[-34.878808,-8.071998],[-34.878868,-8.072018],[-34.878928,-8.072012],[-34.878986,-8.071999],[-34.879042,-8.071979],[-34.879096,-8.071952],[-34.879138,-8.071925],[-34.879259,-8.07182]]}},{"type":"Feature","properties":{"codlogradouro":"75396","nome":"Cais Santa Rita"},"geometry":{"type":"LineString","coordinates":[[-34.878018,-8.07168],[-34.876548,-8.071116]]}},{"type":"Feature","properties":{"codlogradouro":"75396","nome":"Cais Santa Rita"},"geometry":{"type":"LineString","coordinates":[[-34.877618,-8.071292],[-34.877649,-8.071366],[-34.877679,-8.071417],[-34.877708,-8.071453],[-34.877733,-8.071491],[-34.877827,-8.071577],[-34.877913,-8.071621],[-34.878018,-8.07168]]}},{"type":"Feature","properties":{"codlogradouro":"75396","nome":"Cais Santa Rita"},"geometry":{"type":"LineString","coordinates":[[-34.877618,-8.071292],[-34.877618,-8.071325],[-34.877615,-8.071343],[-34.877611,-8.071357],[-34.87761,-8.071371],[-34.877606,-8.071384],[-34.877601,-8.071397],[-34.877593,-8.071408],[-34.877583,-8.071418],[-34.877571,-8.071426],[-34.877559,-8.071432],[-34.877532,-8.071427],[-34.877495,-8.071412],[-34.877162,-8.07127],[-34.877119,-8.071223],[-34.877081,-8.071171],[-34.877046,-8.071123],[-34.877037,-8.071103],[-34.876712,-8.070416],[-34.876403,-8.069785],[-34.876259,-8.069474],[-34.876168,-8.069277],[-34.876166,-8.069271],[-34.87616,-8.069259],[-34.876152,-8.069248],[-34.876142,-8.069238],[-34.876131,-8.06923],[-34.876123,-8.069226],[-34.876118,-8.069224],[-34.876095,-8.06921]]}},{"type":"Feature","properties":{"codlogradouro":"75396","nome":"Cais Santa Rita"},"geometry":{"type":"LineString","coordinates":[[-34.877618,-8.071292],[-34.877605,-8.07126],[-34.877293,-8.070573],[-34.876739,-8.069404],[-34.876673,-8.069255],[-34.876401,-8.068608],[-34.876397,-8.068594],[-34.876341,-8.068401],[-34.876327,-8.068347],[-34.876197,-8.067872],[-34.87607,-8.067411],[-34.875958,-8.067004],[-34.875948,-8.067022],[-34.875887,-8.067121],[-34.875819,-8.067215],[-34.875789,-8.067254],[-34.87578,-8.067265],[-34.875698,-8.067361],[-34.875583,-8.067455],[-34.875387,-8.067622]]}},{"type":"Feature","properties":{"codlogradouro":"75396","nome":"Cais Santa Rita"},"geometry":{"type":"LineString","coordinates":[[-34.876548,-8.071116],[-34.876258,-8.071003],[-34.876222,-8.070985],[-34.876185,-8.070969],[-34.876147,-8.070943],[-34.876092,-8.070896],[-34.876063,-8.070866],[-34.876038,-8.070831],[-34.876011,-8.070794],[-34.875993,-8.070768],[-34.875961,-8.070717],[-34.875911,-8.070581],[-34.875701,-8.070113],[-34.8754,-8.069534]]}},{"type":"Feature","properties":{"codlogradouro":"75396","nome":"Cais Santa Rita"},"geometry":{"type":"LineString","coordinates":[[-34.8754,-8.069534],[-34.875386,-8.06946],[-34.875178,-8.068977],[-34.875043,-8.068678],[-34.87484,-8.068267]]}},{"type":"Feature","properties":{"codlogradouro":"75396","nome":"Cais Santa Rita"},"geometry":{"type":"LineString","coordinates":[[-34.875739,-8.069376],[-34.875855,-8.069635],[-34.876246,-8.070485],[-34.876487,-8.070988],[-34.876529,-8.071068],[-34.876548,-8.071116]]}},{"type":"Feature","properties":{"codlogradouro":"75396","nome":"Cais Santa Rita"},"geometry":{"type":"LineString","coordinates":[[-34.875739,-8.069376],[-34.8754,-8.069534]]}},{"type":"Feature","properties":{"codlogradouro":"75396","nome":"Cais Santa Rita"},"geometry":{"type":"LineString","coordinates":[[-34.876095,-8.06921],[-34.875739,-8.069376]]}},{"type":"Feature","properties":{"codlogradouro":"75396","nome":"Cais Santa Rita"},"geometry":{"type":"LineString","coordinates":[[-34.87484,-8.068267],[-34.874724,-8.06815]]}},{"type":"Feature","properties":{"codlogradouro":"75396","nome":"Cais Santa Rita"},"geometry":{"type":"LineString","coordinates":[[-34.875387,-8.067622],[-34.875625,-8.06809],[-34.875899,-8.068652],[-34.876002,-8.06886],[-34.876041,-8.068967],[-34.876087,-8.069095],[-34.876095,-8.06921]]}},{"type":"Feature","properties":{"codlogradouro":"75396","nome":"Cais Santa Rita"},"geometry":{"type":"LineString","coordinates":[[-34.875387,-8.067622],[-34.875086,-8.067873],[-34.875005,-8.067947],[-34.87496,-8.067989],[-34.87492,-8.068035],[-34.874904,-8.068076],[-34.874879,-8.068126],[-34.874864,-8.068177],[-34.874856,-8.068225],[-34.87484,-8.068267]]}},{"type":"Feature","properties":{"codlogradouro":"75396","nome":"Cais Santa Rita"},"geometry":{"type":"LineString","coordinates":[[-34.875835,-8.066917],[-34.875806,-8.067005],[-34.875748,-8.067118],[-34.875694,-8.067218],[-34.875631,-8.067319],[-34.875627,-8.067324],[-34.875611,-8.067341],[-34.875461,-8.067454],[-34.875339,-8.067547],[-34.87518,-8.067692],[-34.875076,-8.067771],[-34.874882,-8.067944],[-34.874825,-8.068009],[-34.874772,-8.068062],[-34.874743,-8.0681],[-34.874724,-8.06815]]}},{"type":"Feature","properties":{"codlogradouro":"1716","nome":"Rua Alarico Bezerra"},"geometry":{"type":"LineString","coordinates":[[-34.879344,-8.063285],[-34.879258,-8.063039],[-34.879222,-8.062979],[-34.879187,-8.0629],[-34.879155,-8.062692],[-34.87914,-8.062645],[-34.879092,-8.062586]]}},{"type":"Feature","properties":{"codlogradouro":"4120","nome":"Rua Dr Amaro Pedrosa"},"geometry":{"type":"LineString","coordinates":[[-34.879638,-8.063773],[-34.879412,-8.063379]]}},{"type":"Feature","properties":{"codlogradouro":"4472","nome":"Rua Anna Bezerra"},"geometry":{"type":"LineString","coordinates":[[-34.89556,-8.075036],[-34.895553,-8.075033],[-34.895513,-8.075017],[-34.89547,-8.075008],[-34.895427,-8.075006],[-34.895385,-8.075011],[-34.895033,-8.07508],[-34.894964,-8.07509],[-34.894926,-8.075092],[-34.894879,-8.075089],[-34.894858,-8.075085],[-34.894824,-8.075079],[-34.894794,-8.075059],[-34.894619,-8.075007],[-34.894407,-8.074939],[-34.89426,-8.074892],[-34.894256,-8.074905],[-34.894115,-8.074859],[-34.893915,-8.074792],[-34.89378,-8.074746],[-34.893732,-8.07473],[-34.8935,-8.074662]]}},{"type":"Feature","properties":{"codlogradouro":"4472","nome":"Rua Anna Bezerra"},"geometry":{"type":"LineString","coordinates":[[-34.892494,-8.074524],[-34.892922,-8.074661],[-34.893212,-8.074775],[-34.893238,-8.074777],[-34.893263,-8.074764],[-34.893319,-8.074751],[-34.893399,-8.074781]]}},{"type":"Feature","properties":{"codlogradouro":"5843","nome":"Rua Antônio Henrique"},"geometry":{"type":"LineString","coordinates":[[-34.879842,-8.069613],[-34.879499,-8.069827],[-34.879412,-8.069887],[-34.879371,-8.069917],[-34.878945,-8.070178]]}},{"type":"Feature","properties":{"codlogradouro":"7374","nome":"Rua Araribá"},"geometry":{"type":"LineString","coordinates":[[-34.891981,-8.07392],[-34.89152,-8.073751],[-34.891513,-8.073748],[-34.891505,-8.073746],[-34.891447,-8.073729],[-34.89138,-8.073717],[-34.891324,-8.073703],[-34.891263,-8.073691]]}},{"type":"Feature","properties":{"codlogradouro":"7854","nome":"Rua Aripuanã"},"geometry":{"type":"LineString","coordinates":[[-34.889969,-8.074505],[-34.889843,-8.074928],[-34.889797,-8.07498],[-34.889765,-8.075095]]}},{"type":"Feature","properties":{"codlogradouro":"8281","nome":"Travessa do Arsenal de Guerra"},"geometry":{"type":"LineString","coordinates":[[-34.877299,-8.066545],[-34.877133,-8.066548],[-34.877064,-8.066546],[-34.877018,-8.066549],[-34.877001,-8.066526],[-34.876916,-8.066544],[-34.876915,-8.066544],[-34.876776,-8.066568],[-34.876775,-8.066568],[-34.87639,-8.066675],[-34.876209,-8.066724],[-34.876203,-8.066726],[-34.876153,-8.066744],[-34.876107,-8.06677],[-34.876065,-8.066801],[-34.876052,-8.066813]]}},{"type":"Feature","properties":{"codlogradouro":"9369","nome":"Rua Azul"},"geometry":{"type":"LineString","coordinates":[[-34.888132,-8.072741],[-34.888029,-8.073114],[-34.887947,-8.073373],[-34.887822,-8.073811]]}},{"type":"Feature","properties":{"codlogradouro":"9776","nome":"Travessa do Bandeira"},"geometry":{"type":"LineString","coordinates":[[-34.892061,-8.073603],[-34.892064,-8.073607],[-34.892067,-8.073613],[-34.892068,-8.073619],[-34.892069,-8.073625],[-34.892068,-8.073631],[-34.892067,-8.073637],[-34.892064,-8.073643],[-34.892064,-8.073643],[-34.891981,-8.07392],[-34.891958,-8.074025],[-34.891862,-8.074318],[-34.891621,-8.07505]]}},{"type":"Feature","properties":{"codlogradouro":"10286","nome":"Rua Dr Bartolomeu Anacleto"},"geometry":{"type":"LineString","coordinates":[[-34.882636,-8.069242],[-34.882047,-8.069624]]}},{"type":"Feature","properties":{"codlogradouro":"10600","nome":"Travessa da Bela"},"geometry":{"type":"LineString","coordinates":[[-34.887716,-8.072714],[-34.88741,-8.073677]]}},{"type":"Feature","properties":{"codlogradouro":"11959","nome":"Rua Bom Sucesso"},"geometry":{"type":"LineString","coordinates":[[-34.892248,-8.075257],[-34.892065,-8.075805],[-34.892058,-8.075832],[-34.892057,-8.075839],[-34.892031,-8.075915]]}},{"type":"Feature","properties":{"codlogradouro":"24864","nome":"Rua Floriano Peixoto"},"geometry":{"type":"LineString","coordinates":[[-34.885639,-8.071194],[-34.884963,-8.070227],[-34.884839,-8.070048],[-34.884466,-8.06951],[-34.884229,-8.069168],[-34.88409,-8.068969],[-34.883557,-8.068201],[-34.88344,-8.068044],[-34.883393,-8.067978],[-34.883332,-8.067893],[-34.883321,-8.067878],[-34.883009,-8.067418],[-34.882974,-8.067371],[-34.882964,-8.067355],[-34.882942,-8.067317],[-34.882917,-8.06726],[-34.882905,-8.067222],[-34.882847,-8.067021],[-34.882756,-8.066706],[-34.882625,-8.066252],[-34.882601,-8.066165],[-34.882375,-8.065346],[-34.882346,-8.065337],[-34.882341,-8.065336],[-34.882292,-8.065316],[-34.882246,-8.06529],[-34.882204,-8.065258],[-34.882204,-8.065258],[-34.881925,-8.065012],[-34.88162,-8.064723]]}},{"type":"Feature","properties":{"codlogradouro":"14281","nome":"Rua Frei Caneca"},"geometry":{"type":"LineString","coordinates":[[-34.879952,-8.065098],[-34.879954,-8.065099],[-34.879965,-8.065104],[-34.879976,-8.065107],[-34.879988,-8.065108],[-34.88,-8.065107],[-34.880002,-8.065107],[-34.880632,-8.064999],[-34.880642,-8.064997],[-34.881157,-8.064879]]}},{"type":"Feature","properties":{"codlogradouro":"14613","nome":"Rua Caracituba"},"geometry":{"type":"LineString","coordinates":[[-34.891505,-8.073746],[-34.8916,-8.073432],[-34.891727,-8.073066],[-34.891718,-8.073046],[-34.891718,-8.073046],[-34.891718,-8.073046],[-34.891711,-8.073028],[-34.891697,-8.073012],[-34.891678,-8.072995],[-34.891655,-8.072976],[-34.891632,-8.072861]]}},{"type":"Feature","properties":{"codlogradouro":"14826","nome":"Rua da Carioca"},"geometry":{"type":"LineString","coordinates":[[-34.876928,-8.067197],[-34.87607,-8.067411]]}},{"type":"Feature","properties":{"codlogradouro":"15210","nome":"Avenida N S do Carmo"},"geometry":{"type":"LineString","coordinates":[[-34.879085,-8.065897],[-34.878962,-8.065921],[-34.878216,-8.066059],[-34.877525,-8.066187],[-34.877521,-8.066188],[-34.877438,-8.066199],[-34.877373,-8.066203],[-34.877368,-8.066203],[-34.877357,-8.066203],[-34.877278,-8.0662],[-34.877269,-8.066199],[-34.877199,-8.066189],[-34.877195,-8.066189],[-34.876691,-8.066141],[-34.876261,-8.0661]]}},{"type":"Feature","properties":{"codlogradouro":"15946","nome":"Rua Santa Cecília"},"geometry":{"type":"LineString","coordinates":[[-34.878992,-8.069037],[-34.878686,-8.069175],[-34.87846,-8.069279],[-34.878446,-8.069298],[-34.878053,-8.069458],[-34.877861,-8.069537]]}},{"type":"Feature","properties":{"codlogradouro":"16039","nome":"Travessa do Cirigado"},"geometry":{"type":"LineString","coordinates":[[-34.87964,-8.068576],[-34.879619,-8.068597],[-34.879592,-8.068622],[-34.879554,-8.068662],[-34.879529,-8.068692],[-34.87949,-8.068736],[-34.879466,-8.06877],[-34.879446,-8.068799],[-34.879385,-8.068867],[-34.879346,-8.068904],[-34.879335,-8.068922],[-34.879212,-8.069027],[-34.879053,-8.069146]]}},{"type":"Feature","properties":{"codlogradouro":"16497","nome":"Rua Cerro Cora"},"geometry":{"type":"LineString","coordinates":[[-34.883905,-8.072487],[-34.883941,-8.072536],[-34.883949,-8.072548],[-34.883958,-8.072567],[-34.883963,-8.072586],[-34.883965,-8.072607],[-34.883964,-8.072627],[-34.88396,-8.072641],[-34.883901,-8.072836],[-34.883768,-8.073266]]}},{"type":"Feature","properties":{"codlogradouro":"16829","nome":"Rua Cleto Campelo"},"geometry":{"type":"LineString","coordinates":[[-34.879708,-8.063081],[-34.879556,-8.062889],[-34.879512,-8.06281],[-34.879507,-8.062801],[-34.879496,-8.062772],[-34.879493,-8.062758],[-34.879485,-8.062695],[-34.879456,-8.062463],[-34.879443,-8.062361],[-34.879398,-8.06204]]}},{"type":"Feature","properties":{"codlogradouro":"17264","nome":"Rua da Concórdia"},"geometry":{"type":"LineString","coordinates":[[-34.881157,-8.064879],[-34.881269,-8.065258],[-34.88153,-8.066135],[-34.881552,-8.06621],[-34.881788,-8.066981],[-34.881992,-8.067651],[-34.882096,-8.068],[-34.882332,-8.068789],[-34.882449,-8.068979],[-34.882577,-8.069152],[-34.882636,-8.069242],[-34.882729,-8.069375],[-34.882753,-8.069406],[-34.882996,-8.069741],[-34.883139,-8.069937],[-34.883348,-8.070224],[-34.883753,-8.07078],[-34.883881,-8.070955],[-34.884195,-8.071386],[-34.884597,-8.071919]]}},{"type":"Feature","properties":{"codlogradouro":"17400","nome":"Travessa da Congregação"},"geometry":{"type":"LineString","coordinates":[[-34.877336,-8.065566],[-34.877107,-8.065542],[-34.8771,-8.065537],[-34.87709,-8.065532],[-34.877078,-8.065527]]}},{"type":"Feature","properties":{"codlogradouro":"17540","nome":"Rua Coração de Maria"},"geometry":{"type":"LineString","coordinates":[[-34.879622,-8.070355],[-34.879205,-8.070647],[-34.879182,-8.070663],[-34.878709,-8.07098],[-34.878625,-8.071038],[-34.878384,-8.071225],[-34.878357,-8.071245],[-34.878053,-8.071495],[-34.878051,-8.071496],[-34.878031,-8.071517],[-34.878015,-8.07154],[-34.878002,-8.071566],[-34.877995,-8.071594],[-34.877993,-8.071623],[-34.877995,-8.071652],[-34.878018,-8.07168]]}},{"type":"Feature","properties":{"codlogradouro":"18406","nome":"Rua Cristóvão Colombo"},"geometry":{"type":"LineString","coordinates":[[-34.880544,-8.069282],[-34.880426,-8.069399],[-34.880421,-8.069432],[-34.880408,-8.06957],[-34.880395,-8.069672],[-34.880359,-8.069919],[-34.880352,-8.06993]]}},{"type":"Feature","properties":{"codlogradouro":"19380","nome":"Cais da Detenção"},"geometry":{"type":"LineString","coordinates":[[-34.884244,-8.065959],[-34.883023,-8.065541],[-34.882375,-8.065346]]}},{"type":"Feature","properties":{"codlogradouro":"19593","nome":"Rua Diário de Pernambuco"},"geometry":{"type":"LineString","coordinates":[[-34.877639,-8.062777],[-34.877572,-8.063377],[-34.877477,-8.064224],[-34.87747,-8.064291]]}},{"type":"Feature","properties":{"codlogradouro":"19780","nome":"Rua do Dique"},"geometry":{"type":"LineString","coordinates":[[-34.881877,-8.070482],[-34.882721,-8.071737]]}},{"type":"Feature","properties":{"codlogradouro":"19836","nome":"Rua Direita"},"geometry":{"type":"LineString","coordinates":[[-34.880544,-8.069282],[-34.880534,-8.069272],[-34.880481,-8.069221],[-34.880476,-8.069217],[-34.880445,-8.06919],[-34.880237,-8.069012],[-34.879658,-8.068588],[-34.87964,-8.068576],[-34.879342,-8.06837],[-34.879192,-8.068265],[-34.878916,-8.068093],[-34.878856,-8.068042],[-34.878809,-8.067987],[-34.878757,-8.06792],[-34.87872,-8.067864],[-34.878636,-8.067721],[-34.878573,-8.067604],[-34.878346,-8.067257],[-34.878345,-8.067255],[-34.878055,-8.066855],[-34.878052,-8.066852]]}},{"type":"Feature","properties":{"codlogradouro":"22950","nome":"Rua Estreita do Rosário"},"geometry":{"type":"LineString","coordinates":[[-34.878698,-8.065343],[-34.878645,-8.065342],[-34.878584,-8.065335],[-34.878028,-8.065279],[-34.877843,-8.06524],[-34.877452,-8.065173],[-34.877379,-8.06517]]}},{"type":"Feature","properties":{"codlogradouro":"22950","nome":"Rua Estreita do Rosário"},"geometry":{"type":"LineString","coordinates":[[-34.877379,-8.06517],[-34.877379,-8.06517]]}},{"type":"Feature","properties":{"codlogradouro":"23558","nome":"Travessa do Falcão"},"geometry":{"type":"LineString","coordinates":[[-34.88072,-8.066947],[-34.880432,-8.067126],[-34.880431,-8.067126],[-34.880427,-8.067128],[-34.880422,-8.067129],[-34.880417,-8.06713],[-34.880412,-8.06713],[-34.880412,-8.06713],[-34.880407,-8.067128],[-34.880402,-8.067126],[-34.880401,-8.067125],[-34.880294,-8.066937],[-34.880278,-8.066932],[-34.880226,-8.066856]]}},{"type":"Feature","properties":{"codlogradouro":"23558","nome":"Travessa do Falcão"},"geometry":{"type":"LineString","coordinates":[[-34.880226,-8.066856],[-34.880187,-8.066883],[-34.879947,-8.06702]]}},{"type":"Feature","properties":{"codlogradouro":"23558","nome":"Travessa do Falcão"},"geometry":{"type":"LineString","coordinates":[[-34.880425,-8.06674],[-34.88041,-8.066746],[-34.880226,-8.066856]]}},{"type":"Feature","properties":{"codlogradouro":"23833","nome":"Rua Felipe Camarão"},"geometry":{"type":"LineString","coordinates":[[-34.879614,-8.068057],[-34.8795,-8.067912],[-34.879348,-8.067726],[-34.879333,-8.067712],[-34.879304,-8.067726],[-34.879119,-8.067494],[-34.87914,-8.067465],[-34.878956,-8.067231],[-34.87892,-8.067172]]}},{"type":"Feature","properties":{"codlogradouro":"24732","nome":"Rua das Flores"},"geometry":{"type":"LineString","coordinates":[[-34.878703,-8.065008],[-34.879492,-8.064783],[-34.879849,-8.064677],[-34.879977,-8.064648],[-34.880495,-8.064514],[-34.881005,-8.064362]]}},{"type":"Feature","properties":{"codlogradouro":"24856","nome":"Rua Padre Floriano"},"geometry":{"type":"LineString","coordinates":[[-34.880213,-8.070188],[-34.880213,-8.070186],[-34.880206,-8.070148],[-34.880191,-8.070112],[-34.88017,-8.070079],[-34.880163,-8.070071],[-34.880047,-8.069909],[-34.880046,-8.069906],[-34.880018,-8.069848],[-34.879842,-8.069613],[-34.879755,-8.069484],[-34.879464,-8.069088],[-34.879346,-8.068936],[-34.879335,-8.068922],[-34.87925,-8.068813]]}},{"type":"Feature","properties":{"codlogradouro":"24899","nome":"Rua do Fogo"},"geometry":{"type":"LineString","coordinates":[[-34.878761,-8.066945],[-34.878715,-8.066879],[-34.878476,-8.066495],[-34.878385,-8.066342],[-34.878216,-8.066059],[-34.878102,-8.06581],[-34.878061,-8.065708],[-34.878036,-8.065651],[-34.878019,-8.065615],[-34.878008,-8.065588],[-34.878004,-8.065571],[-34.878,-8.065524],[-34.877997,-8.065474],[-34.878028,-8.065279]]}},{"type":"Feature","properties":{"codlogradouro":"24996","nome":"Rua do Forte"},"geometry":{"type":"LineString","coordinates":[[-34.880514,-8.069947],[-34.880712,-8.070455],[-34.8809,-8.070891],[-34.880903,-8.070948],[-34.8809,-8.071016],[-34.88089,-8.071077]]}},{"type":"Feature","properties":{"codlogradouro":"26018","nome":"Rua Camboa do Carmo"},"geometry":{"type":"LineString","coordinates":[[-34.879366,-8.064306],[-34.879477,-8.06472],[-34.879484,-8.064746],[-34.879492,-8.064783],[-34.879503,-8.064838],[-34.879511,-8.064898],[-34.879508,-8.065239],[-34.879518,-8.065371],[-34.879518,-8.065765]]}},{"type":"Feature","properties":{"codlogradouro":"26930","nome":"Travessa do Gomes"},"geometry":{"type":"LineString","coordinates":[[-34.892446,-8.075322],[-34.89228,-8.075835],[-34.892278,-8.075843],[-34.892236,-8.075974]]}},{"type":"Feature","properties":{"codlogradouro":"28452","nome":"Travessa do Gusmão"},"geometry":{"type":"LineString","coordinates":[[-34.88678,-8.071576],[-34.886448,-8.072624],[-34.886233,-8.073306]]}},{"type":"Feature","properties":{"codlogradouro":"29025","nome":"Rua Marquês do Herval"},"geometry":{"type":"LineString","coordinates":[[-34.882601,-8.066165],[-34.88186,-8.066144],[-34.88153,-8.066135],[-34.881016,-8.066121],[-34.880981,-8.06612],[-34.880567,-8.066107],[-34.880412,-8.066102]]}},{"type":"Feature","properties":{"codlogradouro":"30104","nome":"Rua Imperial"},"geometry":{"type":"LineString","coordinates":[[-34.902131,-8.078503],[-34.901868,-8.078406],[-34.901843,-8.078398],[-34.901033,-8.078131],[-34.900615,-8.077985],[-34.900286,-8.077871],[-34.899589,-8.07765],[-34.899296,-8.077552],[-34.89878,-8.077381],[-34.898687,-8.077348],[-34.898193,-8.077174],[-34.898179,-8.07717],[-34.897645,-8.077004],[-34.897395,-8.076923],[-34.897,-8.076796],[-34.896287,-8.076563],[-34.89594,-8.076454],[-34.895679,-8.076373],[-34.895183,-8.076213],[-34.895114,-8.076191],[-34.894371,-8.075941],[-34.894007,-8.075824],[-34.893429,-8.075638],[-34.893216,-8.075574],[-34.893121,-8.075545],[-34.89283,-8.075449],[-34.892647,-8.075389],[-34.892446,-8.075322],[-34.892338,-8.075287],[-34.892248,-8.075257],[-34.891748,-8.075092],[-34.891621,-8.07505],[-34.891264,-8.074931],[-34.890359,-8.07463],[-34.890178,-8.074572],[-34.889969,-8.074505],[-34.889718,-8.074425],[-34.889245,-8.074273],[-34.888554,-8.074049],[-34.888072,-8.073892],[-34.888066,-8.07389],[-34.887822,-8.073811],[-34.88741,-8.073677],[-34.88716,-8.073595],[-34.886233,-8.073306],[-34.885966,-8.073222],[-34.885568,-8.073085],[-34.885566,-8.073084],[-34.885547,-8.073077]]}},{"type":"Feature","properties":{"codlogradouro":"30104","nome":"Rua Imperial"},"geometry":{"type":"LineString","coordinates":[[-34.882336,-8.072045],[-34.882851,-8.07221],[-34.883801,-8.072515],[-34.883823,-8.072517],[-34.883845,-8.072515],[-34.883866,-8.072509],[-34.883886,-8.0725],[-34.883904,-8.072488],[-34.883905,-8.072487]]}},{"type":"Feature","properties":{"codlogradouro":"30287","nome":"Rua da Indústria"},"geometry":{"type":"LineString","coordinates":[[-34.879128,-8.066199],[-34.878385,-8.066342]]}},{"type":"Feature","properties":{"codlogradouro":"31437","nome":"Rua Itapiúna"},"geometry":{"type":"LineString","coordinates":[[-34.893216,-8.075574],[-34.893075,-8.076012],[-34.893014,-8.076212]]}},{"type":"Feature","properties":{"codlogradouro":"31437","nome":"Rua Itapiúna"},"geometry":{"type":"LineString","coordinates":[[-34.893121,-8.075545],[-34.89304,-8.075763],[-34.89289,-8.076177]]}},{"type":"Feature","properties":{"codlogradouro":"32735","nome":"Rua do Jardim"},"geometry":{"type":"LineString","coordinates":[[-34.880352,-8.06993],[-34.880341,-8.069942],[-34.880337,-8.069946],[-34.880222,-8.070123],[-34.88022,-8.070126],[-34.880216,-8.070135],[-34.880214,-8.070145],[-34.880213,-8.070155],[-34.880214,-8.070164],[-34.880213,-8.070188],[-34.880211,-8.070583],[-34.880213,-8.071089],[-34.880227,-8.071171]]}},{"type":"Feature","properties":{"codlogradouro":"34053","nome":"Rua João Meira Lins"},"geometry":{"type":"LineString","coordinates":[[-34.895414,-8.073464],[-34.89539,-8.073537],[-34.89539,-8.073539],[-34.895329,-8.073719],[-34.895263,-8.073911],[-34.895182,-8.074141],[-34.89514,-8.074265],[-34.895089,-8.074406],[-34.895057,-8.074505],[-34.895038,-8.074558],[-34.895024,-8.074616],[-34.894981,-8.074745],[-34.894976,-8.074754],[-34.894969,-8.074754],[-34.894929,-8.074757],[-34.894923,-8.074762],[-34.894856,-8.074978],[-34.894824,-8.075079]]}},{"type":"Feature","properties":{"codlogradouro":"34363","nome":"Rua João Souto Maior"},"geometry":{"type":"LineString","coordinates":[[-34.879751,-8.065781],[-34.879792,-8.065379],[-34.879794,-8.065365],[-34.879804,-8.065315],[-34.879813,-8.065289],[-34.87991,-8.065151],[-34.879952,-8.065098],[-34.879951,-8.065097],[-34.879934,-8.065082],[-34.87993,-8.065077],[-34.879917,-8.065055],[-34.879913,-8.065032],[-34.879849,-8.064677]]}},{"type":"Feature","properties":{"codlogradouro":"36595","nome":"Rua São José do Ribamar"},"geometry":{"type":"LineString","coordinates":[[-34.878134,-8.068618],[-34.878349,-8.069086],[-34.878446,-8.069298],[-34.878579,-8.069545],[-34.878652,-8.069672],[-34.878829,-8.069979],[-34.878945,-8.070178],[-34.878999,-8.070269],[-34.879011,-8.070301],[-34.879023,-8.070347],[-34.879027,-8.070385],[-34.879028,-8.070392],[-34.879039,-8.070429],[-34.879057,-8.070462],[-34.879068,-8.070476],[-34.879182,-8.070663]]}},{"type":"Feature","properties":{"codlogradouro":"36676","nome":"Rua Padre José de Sá Leitão"},"geometry":{"type":"LineString","coordinates":[[-34.890178,-8.074572],[-34.889983,-8.075178]]}},{"type":"Feature","properties":{"codlogradouro":"38032","nome":"Rua Lambari"},"geometry":{"type":"LineString","coordinates":[[-34.884466,-8.06951],[-34.883348,-8.070224]]}},{"type":"Feature","properties":{"codlogradouro":"38148","nome":"Rua Larga do Rosário"},"geometry":{"type":"LineString","coordinates":[[-34.877948,-8.064366],[-34.877843,-8.06524]]}},{"type":"Feature","properties":{"codlogradouro":"39470","nome":"Rua Lourenço da Silva"},"geometry":{"type":"LineString","coordinates":[[-34.893125,-8.072816],[-34.893049,-8.07296],[-34.893022,-8.072981],[-34.893007,-8.073012],[-34.892988,-8.073057],[-34.892494,-8.074524],[-34.892248,-8.075257]]}},{"type":"Feature","properties":{"codlogradouro":"36234","nome":"Rua Doutor José Mariano"},"geometry":{"type":"LineString","coordinates":[[-34.889346,-8.066263],[-34.888382,-8.065951],[-34.888091,-8.065842],[-34.88808,-8.065839],[-34.88759,-8.06568],[-34.886945,-8.065466],[-34.886143,-8.065194],[-34.885246,-8.064894],[-34.885235,-8.06489],[-34.885221,-8.064884],[-34.885195,-8.064874],[-34.885053,-8.064823],[-34.885026,-8.064813],[-34.884569,-8.064647],[-34.88393,-8.064439],[-34.883269,-8.064222],[-34.883156,-8.064183],[-34.883028,-8.06413],[-34.882903,-8.064072],[-34.882835,-8.064037],[-34.882802,-8.064016],[-34.882766,-8.063986],[-34.882735,-8.06395],[-34.88271,-8.06391],[-34.882692,-8.063866],[-34.88269,-8.06386],[-34.882621,-8.063647],[-34.8826,-8.063585],[-34.882573,-8.063514],[-34.882536,-8.063442],[-34.882531,-8.063431]]}},{"type":"Feature","properties":{"codlogradouro":"40061","nome":"Rua Luiz Pinheiro"},"geometry":{"type":"LineString","coordinates":[[-34.894342,-8.072521],[-34.894273,-8.072605],[-34.894202,-8.072702],[-34.894137,-8.072803],[-34.894078,-8.072909],[-34.894025,-8.073017],[-34.894002,-8.073071],[-34.89398,-8.073129],[-34.893964,-8.073171],[-34.89366,-8.074026],[-34.893399,-8.074781],[-34.89336,-8.074897],[-34.893121,-8.075545]]}},{"type":"Feature","properties":{"codlogradouro":"40509","nome":"Travessa do Macêdo"},"geometry":{"type":"LineString","coordinates":[[-34.877395,-8.068943],[-34.877321,-8.068989],[-34.876673,-8.069255]]}},{"type":"Feature","properties":{"codlogradouro":"40533","nome":"Rua Maceió"},"geometry":{"type":"LineString","coordinates":[[-34.895183,-8.076213],[-34.894968,-8.076898]]}},{"type":"Feature","properties":{"codlogradouro":"43281","nome":"Beco do Marroquim"},"geometry":{"type":"LineString","coordinates":[[-34.878052,-8.06726],[-34.877762,-8.067385],[-34.877761,-8.067396],[-34.877626,-8.067455],[-34.877453,-8.067527],[-34.877419,-8.067534],[-34.877125,-8.067606],[-34.877034,-8.067636],[-34.876776,-8.06771],[-34.876197,-8.067872]]}},{"type":"Feature","properties":{"codlogradouro":"43605","nome":"Rua Matias de Albuquerque"},"geometry":{"type":"LineString","coordinates":[[-34.880762,-8.063417],[-34.880222,-8.063617],[-34.88015,-8.063646],[-34.879638,-8.063773],[-34.879081,-8.063927],[-34.878597,-8.064054]]}},{"type":"Feature","properties":{"codlogradouro":"44083","nome":"Travessa do Mercado"},"geometry":{"type":"LineString","coordinates":[[-34.878573,-8.067604],[-34.87836,-8.067731],[-34.878341,-8.067745],[-34.878317,-8.06777],[-34.87831,-8.067781]]}},{"type":"Feature","properties":{"codlogradouro":"45381","nome":"Rua do Muniz"},"geometry":{"type":"LineString","coordinates":[[-34.884597,-8.071919],[-34.8847,-8.071827],[-34.885639,-8.071194],[-34.885686,-8.071146],[-34.886099,-8.07087]]}},{"type":"Feature","properties":{"codlogradouro":"45390","nome":"Rua Padre Muniz"},"geometry":{"type":"LineString","coordinates":[[-34.878384,-8.071225],[-34.878148,-8.070936],[-34.877923,-8.07067],[-34.877916,-8.070662],[-34.877884,-8.070616],[-34.877859,-8.070567],[-34.877841,-8.070515],[-34.877839,-8.070509],[-34.8778,-8.070371],[-34.877767,-8.070254],[-34.877692,-8.070031],[-34.877571,-8.069636],[-34.877434,-8.069216],[-34.877378,-8.069039],[-34.877375,-8.069029],[-34.877374,-8.069016],[-34.877375,-8.069003],[-34.87738,-8.068974],[-34.877395,-8.068943]]}},{"type":"Feature","properties":{"codlogradouro":"46442","nome":"Rua do Nogueira"},"geometry":{"type":"LineString","coordinates":[[-34.879146,-8.069348],[-34.878846,-8.069548],[-34.878652,-8.069672],[-34.87838,-8.069851],[-34.878081,-8.07004],[-34.877997,-8.070097],[-34.877792,-8.070228],[-34.877767,-8.070254],[-34.877731,-8.070291],[-34.877293,-8.070573]]}},{"type":"Feature","properties":{"codlogradouro":"46574","nome":"Rua Nova"},"geometry":{"type":"LineString","coordinates":[[-34.880904,-8.063881],[-34.880349,-8.064034],[-34.879366,-8.064306],[-34.878773,-8.06447],[-34.878737,-8.064475],[-34.878684,-8.064478],[-34.878631,-8.064472],[-34.878612,-8.064474]]}},{"type":"Feature","properties":{"codlogradouro":"43443","nome":"Travessa dos Martírios"},"geometry":{"type":"LineString","coordinates":[[-34.880869,-8.0687],[-34.880684,-8.068847],[-34.880468,-8.069008]]}},{"type":"Feature","properties":{"codlogradouro":"49468","nome":"Rua Passo da Pátria"},"geometry":{"type":"LineString","coordinates":[[-34.881419,-8.069391],[-34.881198,-8.069526],[-34.881133,-8.069567],[-34.880908,-8.0697],[-34.880854,-8.069735],[-34.880545,-8.069926],[-34.880514,-8.069947]]}},{"type":"Feature","properties":{"codlogradouro":"49468","nome":"Rua Passo da Pátria"},"geometry":{"type":"LineString","coordinates":[[-34.881575,-8.069202],[-34.881603,-8.069198],[-34.881636,-8.069193],[-34.881667,-8.069189],[-34.88171,-8.069181],[-34.881763,-8.069161],[-34.881943,-8.069045]]}},{"type":"Feature","properties":{"codlogradouro":"49468","nome":"Rua Passo da Pátria"},"geometry":{"type":"LineString","coordinates":[[-34.881943,-8.069045],[-34.881802,-8.068884]]}},{"type":"Feature","properties":{"codlogradouro":"49468","nome":"Rua Passo da Pátria"},"geometry":{"type":"LineString","coordinates":[[-34.881943,-8.069045],[-34.882332,-8.068789],[-34.88344,-8.068044]]}},{"type":"Feature","properties":{"codlogradouro":"50008","nome":"Rua São Pedro"},"geometry":{"type":"LineString","coordinates":[[-34.879305,-8.06659],[-34.879017,-8.066766],[-34.878761,-8.066945],[-34.878345,-8.067255]]}},{"type":"Feature","properties":{"codlogradouro":"50237","nome":"Rua Pedro Ivo"},"geometry":{"type":"LineString","coordinates":[[-34.87919,-8.064355],[-34.879163,-8.064232],[-34.879081,-8.063927]]}},{"type":"Feature","properties":{"codlogradouro":"50393","nome":"Rua Imperador Dom Pedro II"},"geometry":{"type":"LineString","coordinates":[[-34.876767,-8.065097],[-34.876731,-8.065467],[-34.876731,-8.065469],[-34.876691,-8.066141]]}},{"type":"Feature","properties":{"codlogradouro":"50393","nome":"Rua Imperador Dom Pedro II"},"geometry":{"type":"LineString","coordinates":[[-34.876766,-8.065097],[-34.876875,-8.064201],[-34.876955,-8.06336],[-34.877003,-8.06286],[-34.877043,-8.062437],[-34.87707,-8.062136],[-34.877087,-8.061953],[-34.877109,-8.061702],[-34.877118,-8.061521]]}},{"type":"Feature","properties":{"codlogradouro":"50482","nome":"Rua do Peixoto"},"geometry":{"type":"LineString","coordinates":[[-34.885482,-8.069882],[-34.884963,-8.070227],[-34.883881,-8.070955],[-34.883421,-8.071264],[-34.883364,-8.071303],[-34.8831,-8.071481],[-34.882721,-8.071737],[-34.882398,-8.071955],[-34.88238,-8.071972],[-34.882356,-8.072003],[-34.882338,-8.072038],[-34.882336,-8.072045]]}},{"type":"Feature","properties":{"codlogradouro":"50610","nome":"Rua da Penha"},"geometry":{"type":"LineString","coordinates":[[-34.87831,-8.067781],[-34.878136,-8.067424],[-34.878052,-8.06726],[-34.877908,-8.066977],[-34.877904,-8.066962],[-34.877904,-8.066958]]}},{"type":"Feature","properties":{"codlogradouro":"50920","nome":"Rua dos Pescadores"},"geometry":{"type":"LineString","coordinates":[[-34.879821,-8.07077],[-34.879561,-8.070948],[-34.878958,-8.071351]]}},{"type":"Feature","properties":{"codlogradouro":"51381","nome":"Rua Piracema"},"geometry":{"type":"LineString","coordinates":[[-34.882851,-8.07221],[-34.882616,-8.072897]]}},{"type":"Feature","properties":{"codlogradouro":"51748","nome":"Rua Pitangui"},"geometry":{"type":"LineString","coordinates":[[-34.892418,-8.07475],[-34.892206,-8.074662],[-34.892101,-8.074609],[-34.892076,-8.074591],[-34.892082,-8.074564],[-34.892091,-8.074437],[-34.892078,-8.074408],[-34.892058,-8.074399],[-34.891995,-8.07438],[-34.891987,-8.074388]]}},{"type":"Feature","properties":{"codlogradouro":"52159","nome":"Rua do Porão"},"geometry":{"type":"LineString","coordinates":[[-34.876401,-8.068608],[-34.876944,-8.068422],[-34.877214,-8.068334]]}},{"type":"Feature","properties":{"codlogradouro":"52566","nome":"Rua da Praia"},"geometry":{"type":"LineString","coordinates":[[-34.877214,-8.068334],[-34.877194,-8.068255],[-34.877067,-8.067775],[-34.877034,-8.067636],[-34.876928,-8.067197],[-34.876776,-8.066568],[-34.876694,-8.066228],[-34.876692,-8.066219],[-34.876688,-8.066178],[-34.876691,-8.066141]]}},{"type":"Feature","properties":{"codlogradouro":"53414","nome":"Rua Sá Leitão"},"geometry":{"type":"LineString","coordinates":[[-34.891987,-8.074388],[-34.891986,-8.074389],[-34.891983,-8.074404],[-34.891982,-8.074404],[-34.891982,-8.074413],[-34.891961,-8.07446],[-34.891943,-8.074506],[-34.891893,-8.074651],[-34.891829,-8.074863],[-34.891778,-8.075037],[-34.89176,-8.075095]]}},{"type":"Feature","properties":{"codlogradouro":"54232","nome":"Avenida Saturnino de Brito"},"geometry":{"type":"LineString","coordinates":[[-34.894007,-8.075824],[-34.893785,-8.07648]]}},{"type":"Feature","properties":{"codlogradouro":"55794","nome":"Rua Siqueira Campos"},"geometry":{"type":"LineString","coordinates":[[-34.880069,-8.062078],[-34.879476,-8.06245],[-34.879456,-8.062463],[-34.879427,-8.062481],[-34.879359,-8.062526],[-34.879333,-8.062541],[-34.879292,-8.062558],[-34.879249,-8.062567],[-34.879242,-8.062568],[-34.878802,-8.062625],[-34.87839,-8.062679],[-34.878258,-8.062696],[-34.877951,-8.062736],[-34.877639,-8.062777],[-34.877003,-8.06286],[-34.876435,-8.062934]]}},{"type":"Feature","properties":{"codlogradouro":"56685","nome":"Travessa do Raposo"},"geometry":{"type":"LineString","coordinates":[[-34.89064,-8.073076],[-34.890631,-8.073127],[-34.89061,-8.073222],[-34.890581,-8.073316],[-34.890545,-8.073407],[-34.890538,-8.073421],[-34.890389,-8.073908],[-34.890322,-8.074126],[-34.890178,-8.074572]]}},{"type":"Feature","properties":{"codlogradouro":"56634","nome":"Rua do Ramos"},"geometry":{"type":"LineString","coordinates":[[-34.884839,-8.070048],[-34.884709,-8.070136],[-34.884702,-8.070151],[-34.883928,-8.070669],[-34.883908,-8.070676],[-34.883753,-8.07078]]}},{"type":"Feature","properties":{"codlogradouro":"56650","nome":"Rua do Rangel"},"geometry":{"type":"LineString","coordinates":[[-34.877269,-8.066199],[-34.877275,-8.066262],[-34.877299,-8.066545],[-34.877306,-8.06663],[-34.877319,-8.066946],[-34.877338,-8.067118],[-34.877419,-8.067534],[-34.877497,-8.067917],[-34.877578,-8.068215]]}},{"type":"Feature","properties":{"codlogradouro":"56880","nome":"Rua Marquês do Recife"},"geometry":{"type":"LineString","coordinates":[[-34.878331,-8.063399],[-34.878028,-8.06339],[-34.877572,-8.063377],[-34.876955,-8.06336],[-34.8764,-8.063344]]}},{"type":"Feature","properties":{"codlogradouro":"52663","nome":"Rua Primeiro de Março"},"geometry":{"type":"LineString","coordinates":[[-34.87747,-8.064291],[-34.876875,-8.064201],[-34.87642,-8.064122]]}},{"type":"Feature","properties":{"codlogradouro":"58750","nome":"Rua de Santa Rita"},"geometry":{"type":"LineString","coordinates":[[-34.877568,-8.068867],[-34.877695,-8.069147],[-34.877861,-8.069537],[-34.877894,-8.069615],[-34.878081,-8.07004],[-34.878315,-8.070409],[-34.878637,-8.070872],[-34.878709,-8.07098],[-34.878944,-8.071329],[-34.878958,-8.071351],[-34.879259,-8.07182]]}},{"type":"Feature","properties":{"codlogradouro":"60348","nome":"Travessa do Tavares"},"geometry":{"type":"LineString","coordinates":[[-34.888851,-8.073013],[-34.888643,-8.073685],[-34.888647,-8.073719],[-34.888593,-8.073905],[-34.888554,-8.074049]]}},{"type":"Feature","properties":{"codlogradouro":"61093","nome":"Rua Tobias Barreto"},"geometry":{"type":"LineString","coordinates":[[-34.879342,-8.06837],[-34.879412,-8.068286],[-34.879493,-8.068182],[-34.879532,-8.068145],[-34.879552,-8.068125],[-34.879614,-8.068057],[-34.879738,-8.067955],[-34.879772,-8.067928],[-34.879813,-8.067909],[-34.880072,-8.067737],[-34.880164,-8.067673],[-34.880287,-8.067598],[-34.880713,-8.067339],[-34.880798,-8.067287],[-34.880921,-8.067249],[-34.881088,-8.067195],[-34.881252,-8.067141],[-34.881284,-8.067129],[-34.881292,-8.067126],[-34.881296,-8.067125],[-34.881366,-8.067105],[-34.881625,-8.067029],[-34.881788,-8.066981],[-34.882269,-8.066839],[-34.882678,-8.066721],[-34.882729,-8.066709],[-34.882756,-8.066706]]}},{"type":"Feature","properties":{"codlogradouro":"62014","nome":"Rua Engenheiro Ubaldo Gomes de Matos"},"geometry":{"type":"LineString","coordinates":[[-34.877978,-8.064042],[-34.878021,-8.063551],[-34.878028,-8.063462],[-34.878028,-8.063454],[-34.878029,-8.063419],[-34.878028,-8.06339],[-34.877981,-8.063081],[-34.877977,-8.062964],[-34.877951,-8.062736]]}},{"type":"Feature","properties":{"codlogradouro":"62111","nome":"Rua Ulhoa Cintra"},"geometry":{"type":"LineString","coordinates":[[-34.87831,-8.062199],[-34.878688,-8.062135],[-34.878742,-8.062142],[-34.878788,-8.062164],[-34.878803,-8.062153],[-34.878829,-8.062142],[-34.878854,-8.062138],[-34.87929,-8.06206],[-34.879319,-8.062059],[-34.879363,-8.062051],[-34.87939,-8.062043],[-34.879398,-8.06204],[-34.879422,-8.062028],[-34.879449,-8.062009],[-34.879817,-8.061691]]}},{"type":"Feature","properties":{"codlogradouro":"56030","nome":"Rua do Sol"},"geometry":{"type":"LineString","coordinates":[[-34.880904,-8.063881],[-34.880867,-8.063758],[-34.880762,-8.063417],[-34.880735,-8.063315],[-34.880673,-8.063137],[-34.880582,-8.062984],[-34.880461,-8.062775],[-34.880411,-8.062689],[-34.880245,-8.062402],[-34.880069,-8.062078],[-34.880032,-8.06201],[-34.880015,-8.061979],[-34.879952,-8.061876],[-34.879884,-8.061776],[-34.879817,-8.061691],[-34.879809,-8.061681],[-34.879792,-8.061661],[-34.879559,-8.061352],[-34.87929,-8.061033],[-34.879049,-8.060747],[-34.878768,-8.060489],[-34.878767,-8.060488],[-34.878729,-8.060443],[-34.878698,-8.060394],[-34.878674,-8.060345]]}},{"type":"Feature","properties":{"codlogradouro":"62820","nome":"Travessa do Valente"},"geometry":{"type":"LineString","coordinates":[[-34.89283,-8.075449],[-34.892763,-8.07564],[-34.892747,-8.075711],[-34.892637,-8.076009],[-34.892619,-8.076101]]}},{"type":"Feature","properties":{"codlogradouro":"62944","nome":"Rua Velha"},"geometry":{"type":"LineString","coordinates":[[-34.885026,-8.064813],[-34.885039,-8.064798],[-34.885043,-8.064794],[-34.885063,-8.064772],[-34.885265,-8.064564],[-34.885407,-8.064418]]}},{"type":"Feature","properties":{"codlogradouro":"64475","nome":"Rua Frei Vicente do Salvador"},"geometry":{"type":"LineString","coordinates":[[-34.878149,-8.061706],[-34.877564,-8.061842],[-34.877509,-8.061853],[-34.877202,-8.061933],[-34.877134,-8.061954],[-34.877087,-8.061953]]}},{"type":"Feature","properties":{"codlogradouro":"64874","nome":"Rua Vinte e Quatro de Maio"},"geometry":{"type":"LineString","coordinates":[[-34.880567,-8.066107],[-34.880614,-8.066361],[-34.88072,-8.066947],[-34.880772,-8.067247],[-34.880798,-8.067287],[-34.880833,-8.067332],[-34.881076,-8.067686],[-34.881154,-8.067801],[-34.881168,-8.067826],[-34.881179,-8.067857],[-34.881191,-8.06789],[-34.881191,-8.067921],[-34.881189,-8.067954],[-34.88116,-8.067996],[-34.881111,-8.068027],[-34.88104,-8.068082],[-34.880925,-8.068164],[-34.880839,-8.068267]]}},{"type":"Feature","properties":{"codlogradouro":"65242","nome":"Rua Barão da Vitória"},"geometry":{"type":"LineString","coordinates":[[-34.881164,-8.068702],[-34.881757,-8.068268],[-34.881797,-8.068236],[-34.881801,-8.068227],[-34.881808,-8.068218],[-34.881824,-8.0682],[-34.881853,-8.068177],[-34.881862,-8.068172],[-34.882096,-8.068],[-34.882874,-8.067429],[-34.882927,-8.067387],[-34.882938,-8.067378],[-34.882964,-8.067355]]}},{"type":"Feature","properties":{"codlogradouro":"66176","nome":"Praça das Cinco Pontas"},"geometry":{"type":"LineString","coordinates":[[-34.881967,-8.071921],[-34.881962,-8.071918],[-34.88193,-8.071845],[-34.8819,-8.07179],[-34.881865,-8.071738],[-34.881782,-8.071612],[-34.88167,-8.071446],[-34.8816,-8.071327],[-34.881546,-8.071223],[-34.881537,-8.071219],[-34.881239,-8.071138],[-34.881042,-8.071089],[-34.881005,-8.071082],[-34.880925,-8.071074],[-34.880891,-8.071077],[-34.88089,-8.071077],[-34.880875,-8.071071],[-34.880852,-8.07106],[-34.880832,-8.071056],[-34.880778,-8.071052],[-34.880701,-8.07106],[-34.88065,-8.071067],[-34.880615,-8.071075],[-34.880581,-8.071084],[-34.880492,-8.071102],[-34.880385,-8.071131],[-34.880227,-8.071171],[-34.880146,-8.071205],[-34.880069,-8.07124],[-34.879975,-8.071322],[-34.879259,-8.07182]]}},{"type":"Feature","properties":{"codlogradouro":"66303","nome":"Praça da Independência"},"geometry":{"type":"LineString","coordinates":[[-34.878386,-8.063816],[-34.877978,-8.064042],[-34.877581,-8.064263],[-34.877547,-8.064279],[-34.87747,-8.064291],[-34.877948,-8.064366],[-34.878402,-8.064423],[-34.878444,-8.064429],[-34.878473,-8.064434],[-34.878536,-8.064454],[-34.878612,-8.064474]]}},{"type":"Feature","properties":{"codlogradouro":"66362","nome":"Viaduto das Cinco Pontas"},"geometry":{"type":"LineString","coordinates":[[-34.881352,-8.073422],[-34.881149,-8.073345],[-34.881056,-8.073307],[-34.880968,-8.073257],[-34.880905,-8.073228],[-34.880832,-8.073169],[-34.880763,-8.073105],[-34.880699,-8.073036],[-34.880641,-8.072962],[-34.880634,-8.072952],[-34.880617,-8.072928],[-34.880589,-8.072885],[-34.880508,-8.072758],[-34.880434,-8.072626],[-34.880401,-8.072562],[-34.880294,-8.072349],[-34.880106,-8.071977],[-34.880095,-8.071956],[-34.880067,-8.071916],[-34.880033,-8.071882],[-34.880015,-8.071867],[-34.879985,-8.071847],[-34.879936,-8.07182],[-34.879883,-8.0718],[-34.879828,-8.071787],[-34.879772,-8.071782],[-34.879716,-8.071784],[-34.879661,-8.071793],[-34.879607,-8.07181],[-34.879556,-8.071834],[-34.879539,-8.071844],[-34.879104,-8.072111],[-34.879056,-8.07213],[-34.879003,-8.072142],[-34.878949,-8.072148],[-34.878895,-8.072146],[-34.878842,-8.072138],[-34.87879,-8.072122],[-34.878758,-8.072108],[-34.878803,-8.072113],[-34.878872,-8.07212],[-34.878942,-8.072117],[-34.879012,-8.072108],[-34.879079,-8.07209],[-34.879138,-8.072066],[-34.879204,-8.072014],[-34.879261,-8.071973],[-34.879278,-8.07196],[-34.879343,-8.071916],[-34.879456,-8.071845],[-34.879573,-8.071781],[-34.879639,-8.071749],[-34.879642,-8.071748],[-34.879695,-8.071731],[-34.87975,-8.071722],[-34.879805,-8.07172],[-34.879861,-8.071725],[-34.879915,-8.071738],[-34.879967,-8.071757],[-34.880016,-8.071784],[-34.88006,-8.071816],[-34.880101,-8.071855],[-34.880135,-8.071898],[-34.880151,-8.071923]]}},{"type":"Feature","properties":{"codlogradouro":"66362","nome":"Viaduto das Cinco Pontas"},"geometry":{"type":"LineString","coordinates":[[-34.881372,-8.073377],[-34.881217,-8.073313],[-34.881152,-8.073288],[-34.881072,-8.073249],[-34.880995,-8.073204],[-34.880922,-8.073153],[-34.880854,-8.073095],[-34.880791,-8.073033],[-34.880748,-8.072985],[-34.880733,-8.072965],[-34.880699,-8.072921],[-34.880544,-8.072677],[-34.880381,-8.072362],[-34.880195,-8.072002],[-34.88019,-8.071991],[-34.880162,-8.071939],[-34.880151,-8.071923]]}},{"type":"Feature","properties":{"codlogradouro":"66362","nome":"Viaduto das Cinco Pontas"},"geometry":{"type":"LineString","coordinates":[[-34.88089,-8.071077],[-34.88089,-8.071077],[-34.880889,-8.071084],[-34.880881,-8.071117],[-34.880864,-8.07119],[-34.880863,-8.071195],[-34.880861,-8.071202],[-34.880858,-8.071208],[-34.880854,-8.071214],[-34.880849,-8.071219],[-34.880843,-8.071224],[-34.880836,-8.071227],[-34.880829,-8.071229],[-34.880829,-8.071229],[-34.88082,-8.071231],[-34.880759,-8.071244],[-34.880737,-8.071248],[-34.88066,-8.071263],[-34.880643,-8.071267],[-34.88055,-8.071291],[-34.880442,-8.071325],[-34.880389,-8.071345],[-34.88037,-8.071353],[-34.880324,-8.071378],[-34.880283,-8.07141],[-34.880246,-8.071446],[-34.880216,-8.071488],[-34.880197,-8.071521],[-34.880192,-8.07153],[-34.880167,-8.071592],[-34.880149,-8.071656],[-34.880138,-8.071721],[-34.880135,-8.071753],[-34.880135,-8.071788],[-34.880139,-8.071853],[-34.88015,-8.071917],[-34.880151,-8.071923]]}},{"type":"Feature","properties":{"codlogradouro":"66885","nome":"Praça da Restauração"},"geometry":{"type":"LineString","coordinates":[[-34.880514,-8.069947],[-34.88051,-8.069948],[-34.880492,-8.069954],[-34.88037,-8.069933],[-34.880352,-8.06993],[-34.880087,-8.069882],[-34.880079,-8.06988],[-34.880046,-8.069867],[-34.880018,-8.069848]]}},{"type":"Feature","properties":{"codlogradouro":"67210","nome":"Ponte Buarque de Macedo"},"geometry":{"type":"LineString","coordinates":[[-34.876536,-8.061638],[-34.876491,-8.061644],[-34.876445,-8.061656],[-34.873815,-8.062387]]}},{"type":"Feature","properties":{"codlogradouro":"67326","nome":"Ponte Duarte Coelho"},"geometry":{"type":"LineString","coordinates":[[-34.880411,-8.062689],[-34.880518,-8.06263],[-34.881596,-8.062002],[-34.881599,-8.062]]}},{"type":"Feature","properties":{"codlogradouro":"67326","nome":"Ponte Duarte Coelho"},"geometry":{"type":"LineString","coordinates":[[-34.881662,-8.062085],[-34.880582,-8.062679],[-34.880461,-8.062775]]}},{"type":"Feature","properties":{"codlogradouro":"67369","nome":"Ponte Giratória"},"geometry":{"type":"LineString","coordinates":[[-34.874727,-8.068378],[-34.874695,-8.068306],[-34.874692,-8.068301],[-34.874692,-8.0683],[-34.874646,-8.06819],[-34.874583,-8.068084],[-34.873852,-8.067137],[-34.873437,-8.0666]]}},{"type":"Feature","properties":{"codlogradouro":"67369","nome":"Ponte Giratória"},"geometry":{"type":"LineString","coordinates":[[-34.874724,-8.06815],[-34.874646,-8.068041],[-34.874533,-8.067886],[-34.874508,-8.067854],[-34.873594,-8.066691],[-34.873565,-8.066654],[-34.873552,-8.066638]]}},{"type":"Feature","properties":{"codlogradouro":"67407","nome":"Ponte Princesa Izabel"},"geometry":{"type":"LineString","coordinates":[[-34.879874,-8.059617],[-34.878837,-8.060281],[-34.878803,-8.060301],[-34.87875,-8.060324],[-34.878694,-8.060341],[-34.878674,-8.060345]]}},{"type":"Feature","properties":{"codlogradouro":"67512","nome":"Ponte Conde Maurício de Nassau"},"geometry":{"type":"LineString","coordinates":[[-34.87642,-8.064122],[-34.875025,-8.063878],[-34.874433,-8.06377]]}},{"type":"Feature","properties":{"codlogradouro":"67660","nome":"Ponte Seis de Março"},"geometry":{"type":"LineString","coordinates":[[-34.885026,-8.064813],[-34.884967,-8.064946],[-34.884488,-8.065618]]}},{"type":"Feature","properties":{"codlogradouro":"73482","nome":"Rua Boa Esperança"},"geometry":{"type":"LineString","coordinates":[[-34.88837,-8.072853],[-34.888259,-8.07319],[-34.888257,-8.073227],[-34.888072,-8.073892]]}},{"type":"Feature","properties":{"codlogradouro":"75183","nome":"Travessa do Forte"},"geometry":{"type":"LineString","coordinates":[[-34.880007,-8.071154],[-34.879186,-8.071706]]}},{"type":"Feature","properties":{"codlogradouro":"75400","nome":"Vila Zenaide"},"geometry":{"type":"LineString","coordinates":[[-34.891402,-8.072883],[-34.891432,-8.073004],[-34.891435,-8.073057],[-34.891417,-8.073134],[-34.89138,-8.073265],[-34.891318,-8.073493],[-34.891263,-8.073691],[-34.891202,-8.073874]]}},{"type":"Feature","properties":{"codlogradouro":"75418","nome":"Rua Itaruna"},"geometry":{"type":"LineString","coordinates":[[-34.892647,-8.075389],[-34.89256,-8.075645],[-34.892495,-8.07583],[-34.892449,-8.075948],[-34.892421,-8.076045]]}},{"type":"Feature","properties":{"codlogradouro":"75540","nome":"Praça Frei Caneca"},"geometry":{"type":"LineString","coordinates":[[-34.881967,-8.071921],[-34.882014,-8.071944],[-34.882069,-8.071962],[-34.882099,-8.071968],[-34.882336,-8.072045]]}},{"type":"Feature","properties":{"codlogradouro":"75540","nome":"Praça Frei Caneca"},"geometry":{"type":"LineString","coordinates":[[-34.881967,-8.071921],[-34.881946,-8.071935],[-34.881913,-8.071956],[-34.881529,-8.072206],[-34.881115,-8.072473]]}},{"type":"Feature","properties":{"codlogradouro":"75540","nome":"Praça Frei Caneca"},"geometry":{"type":"LineString","coordinates":[[-34.882093,-8.071654],[-34.882093,-8.07169],[-34.882093,-8.071691],[-34.88209,-8.071736],[-34.882079,-8.071778],[-34.88207,-8.071802],[-34.882048,-8.071841],[-34.882021,-8.071875],[-34.881998,-8.071897],[-34.881967,-8.071921]]}},{"type":"Feature","properties":{"codlogradouro":"75558","nome":"Rua Josefa Paes de Carvalho"},"geometry":{"type":"LineString","coordinates":[[-34.879348,-8.065775],[-34.879328,-8.065643],[-34.879313,-8.065528],[-34.87931,-8.065266]]}},{"type":"Feature","properties":{"codlogradouro":"75574","nome":"Rua Doutor José Henrique Wanderley"},"geometry":{"type":"LineString","coordinates":[[-34.878802,-8.062625],[-34.878749,-8.062244],[-34.87875,-8.062229],[-34.878755,-8.062211],[-34.878763,-8.062193],[-34.878774,-8.062178],[-34.878788,-8.062164]]}},{"type":"Feature","properties":{"codlogradouro":"75590","nome":"Travessa da Trindade"},"geometry":{"type":"LineString","coordinates":[[-34.888029,-8.073114],[-34.888259,-8.07319]]}},{"type":"Feature","properties":{"codlogradouro":"75752","nome":"Travessa do Cais da Detenção"},"geometry":{"type":"LineString","coordinates":[[-34.884244,-8.065959],[-34.88417,-8.066067],[-34.883919,-8.066435],[-34.883878,-8.066478],[-34.88383,-8.066519],[-34.883827,-8.06652],[-34.883355,-8.066871],[-34.883351,-8.066873],[-34.883337,-8.066882],[-34.883301,-8.06691],[-34.88327,-8.066944],[-34.883264,-8.066951],[-34.883029,-8.067277],[-34.883019,-8.067292],[-34.882981,-8.067337],[-34.882964,-8.067355]]}},{"type":"Feature","properties":{"codlogradouro":"66273","nome":"Praça Dezessete"},"geometry":{"type":"LineString","coordinates":[[-34.876731,-8.065469],[-34.876511,-8.065442],[-34.876326,-8.065429]]}},{"type":"Feature","properties":{"codlogradouro":"66273","nome":"Praça Dezessete"},"geometry":{"type":"LineString","coordinates":[[-34.876731,-8.065467],[-34.877028,-8.065505],[-34.877032,-8.065506],[-34.877038,-8.065507],[-34.877043,-8.065508],[-34.877049,-8.065511],[-34.877054,-8.065514],[-34.877064,-8.065518],[-34.877078,-8.065527],[-34.877103,-8.065144],[-34.876767,-8.065097],[-34.876766,-8.065097],[-34.876358,-8.065058]]}},{"type":"Feature","properties":{"codlogradouro":"66273","nome":"Praça Dezessete"},"geometry":{"type":"LineString","coordinates":[[-34.877333,-8.065166],[-34.877379,-8.06517]]}},{"type":"Feature","properties":{"codlogradouro":"66273","nome":"Praça Dezessete"},"geometry":{"type":"LineString","coordinates":[[-34.877333,-8.065166],[-34.877103,-8.065144]]}},{"type":"Feature","properties":{"codlogradouro":"66575","nome":"Praça Joaquim Nabuco"},"geometry":{"type":"LineString","coordinates":[[-34.88098,-8.064019],[-34.880967,-8.063999],[-34.880904,-8.063881]]}},{"type":"Feature","properties":{"codlogradouro":"66575","nome":"Praça Joaquim Nabuco"},"geometry":{"type":"LineString","coordinates":[[-34.88098,-8.064019],[-34.880985,-8.064026],[-34.88103,-8.064083],[-34.88108,-8.064135],[-34.881115,-8.064166],[-34.88119,-8.064227],[-34.881586,-8.06469],[-34.88162,-8.064723],[-34.881613,-8.064736],[-34.881602,-8.064753],[-34.881588,-8.064767],[-34.881571,-8.064778],[-34.881553,-8.064787],[-34.881538,-8.064791],[-34.881157,-8.064879],[-34.881005,-8.064362],[-34.880999,-8.064305],[-34.881,-8.064247],[-34.881008,-8.064184],[-34.881011,-8.064132],[-34.881,-8.064071],[-34.88098,-8.064019]]}},{"type":"Feature","properties":{"codlogradouro":"66796","nome":"Pátio de São Pedro"},"geometry":{"type":"LineString","coordinates":[[-34.879127,-8.067009],[-34.879135,-8.067026]]}},{"type":"Feature","properties":{"codlogradouro":"66796","nome":"Pátio de São Pedro"},"geometry":{"type":"LineString","coordinates":[[-34.879127,-8.067009],[-34.87892,-8.067172],[-34.878897,-8.06714],[-34.878761,-8.066945]]}},{"type":"Feature","properties":{"codlogradouro":"66796","nome":"Pátio de São Pedro"},"geometry":{"type":"LineString","coordinates":[[-34.879017,-8.066766],[-34.879126,-8.067008],[-34.879127,-8.067009]]}},{"type":"Feature","properties":{"codlogradouro":"66877","nome":"Praça da República"},"geometry":{"type":"LineString","coordinates":[[-34.877118,-8.061521],[-34.877174,-8.060426]]}},{"type":"Feature","properties":{"codlogradouro":"66877","nome":"Praça da República"},"geometry":{"type":"LineString","coordinates":[[-34.877931,-8.061327],[-34.877118,-8.061521]]}},{"type":"Feature","properties":{"codlogradouro":"66877","nome":"Praça da República"},"geometry":{"type":"LineString","coordinates":[[-34.877931,-8.061327],[-34.877951,-8.061317],[-34.877983,-8.061294],[-34.878011,-8.061265],[-34.878032,-8.061232],[-34.878046,-8.061195],[-34.878054,-8.061157],[-34.878053,-8.061117],[-34.878051,-8.061101]]}},{"type":"Feature","properties":{"codlogradouro":"66877","nome":"Praça da República"},"geometry":{"type":"LineString","coordinates":[[-34.878281,-8.061244],[-34.877931,-8.061327]]}},{"type":"Feature","properties":{"codlogradouro":"66877","nome":"Praça da República"},"geometry":{"type":"LineString","coordinates":[[-34.878281,-8.061244],[-34.878274,-8.061245],[-34.878235,-8.061245],[-34.878196,-8.061238],[-34.878159,-8.061224],[-34.878125,-8.061203],[-34.878096,-8.061177],[-34.878072,-8.061146],[-34.878055,-8.061111],[-34.878051,-8.061101]]}},{"type":"Feature","properties":{"codlogradouro":"66877","nome":"Praça da República"},"geometry":{"type":"LineString","coordinates":[[-34.878051,-8.061101],[-34.877985,-8.060671],[-34.877955,-8.060457],[-34.877955,-8.060453],[-34.877951,-8.060394],[-34.877954,-8.060336]]}},{"type":"Feature","properties":{"codlogradouro":"66877","nome":"Praça da República"},"geometry":{"type":"LineString","coordinates":[[-34.87929,-8.061033],[-34.878992,-8.061103],[-34.878956,-8.061083]]}},{"type":"Feature","properties":{"codlogradouro":"66877","nome":"Praça da República"},"geometry":{"type":"LineString","coordinates":[[-34.879049,-8.060747],[-34.879055,-8.060817],[-34.879053,-8.060858],[-34.879057,-8.060898],[-34.879053,-8.060938],[-34.879043,-8.060977],[-34.879025,-8.061013],[-34.879001,-8.061045],[-34.878971,-8.061072],[-34.878957,-8.061082],[-34.878281,-8.061244]]}},{"type":"Feature","properties":{"codlogradouro":"66877","nome":"Praça da República"},"geometry":{"type":"LineString","coordinates":[[-34.877174,-8.060426],[-34.876687,-8.060482],[-34.876656,-8.060486],[-34.876655,-8.060487],[-34.876645,-8.060489],[-34.876635,-8.060494],[-34.876631,-8.060497],[-34.876627,-8.0605],[-34.87662,-8.060507],[-34.876614,-8.060516],[-34.876609,-8.060525],[-34.876608,-8.06053],[-34.87655,-8.061338],[-34.876536,-8.061638],[-34.87654,-8.061638],[-34.876565,-8.061638],[-34.876596,-8.061638],[-34.87665,-8.061632],[-34.876679,-8.061626],[-34.877118,-8.061521]]}},{"type":"Feature","properties":{"codlogradouro":"66877","nome":"Praça da República"},"geometry":{"type":"LineString","coordinates":[[-34.877174,-8.060426],[-34.877924,-8.06034],[-34.877954,-8.060336]]}},{"type":"Feature","properties":{"codlogradouro":"66877","nome":"Praça da República"},"geometry":{"type":"LineString","coordinates":[[-34.878674,-8.060345],[-34.878636,-8.060351],[-34.87858,-8.060353],[-34.878388,-8.060342],[-34.878206,-8.060334],[-34.878163,-8.060331],[-34.878063,-8.060329],[-34.877964,-8.060335],[-34.877954,-8.060336]]}},{"type":"Feature","properties":{"codlogradouro":"77950","nome":"Rua Gesuina Magalhães de Andrade"},"geometry":{"type":"LineString","coordinates":[[-34.881473,-8.067593],[-34.881154,-8.067801]]}},{"type":"Feature","properties":{"codlogradouro":"67814","nome":"Rua das Águas Verdes"},"geometry":{"type":"LineString","coordinates":[[-34.879135,-8.067026],[-34.879175,-8.067117],[-34.879238,-8.067229],[-34.879248,-8.067248],[-34.879256,-8.067261],[-34.87928,-8.067298],[-34.87939,-8.067445],[-34.879537,-8.067635],[-34.879637,-8.067766],[-34.879747,-8.067894],[-34.879766,-8.06792],[-34.879772,-8.067928],[-34.8798,-8.067966],[-34.879909,-8.068124],[-34.88011,-8.068431],[-34.880345,-8.068815],[-34.880466,-8.069003]]}},{"type":"Feature","properties":{"codlogradouro":"95931","nome":"Rua Dom Paulo II"},"geometry":{"type":"LineString","coordinates":[[-34.894426,-8.072539],[-34.894422,-8.072544],[-34.894305,-8.0727],[-34.894244,-8.072786],[-34.894126,-8.072938],[-34.894074,-8.073054],[-34.893981,-8.073249],[-34.893804,-8.073746],[-34.893785,-8.073802],[-34.893773,-8.07384],[-34.893762,-8.073872],[-34.893616,-8.074293],[-34.893595,-8.07436],[-34.8935,-8.074662],[-34.893397,-8.07498],[-34.893257,-8.07545],[-34.893233,-8.075523],[-34.893216,-8.075574]]}},{"type":"Feature","properties":{"codlogradouro":"98752","nome":"Rua General Hélio de Albuquerque Mello"},"geometry":{"type":"LineString","coordinates":[[-34.893785,-8.073802],[-34.894028,-8.073872],[-34.894135,-8.073902],[-34.894276,-8.073941],[-34.89445,-8.073987],[-34.89459,-8.074023],[-34.894657,-8.074043],[-34.894663,-8.074046],[-34.894678,-8.07405],[-34.894676,-8.074058],[-34.894661,-8.074111],[-34.894616,-8.074253],[-34.894585,-8.074347],[-34.894564,-8.074403],[-34.894559,-8.074438],[-34.894549,-8.074481],[-34.894528,-8.074561],[-34.894511,-8.074557],[-34.894483,-8.074635],[-34.894339,-8.074594],[-34.894336,-8.074604],[-34.894136,-8.074541],[-34.893918,-8.074472],[-34.893823,-8.074437],[-34.893594,-8.074365]]}},{"type":"Feature","properties":{"codlogradouro":"100242","nome":"Pátio Nossa Senhora do Carmo"},"geometry":{"type":"LineString","coordinates":[[-34.879753,-8.065763],[-34.879518,-8.065765],[-34.879348,-8.065775],[-34.879044,-8.065805]]}},{"type":"Feature","properties":{"codlogradouro":"9164","nome":"Rua da Aurora"},"geometry":{"type":"LineString","coordinates":[[-34.882531,-8.063431],[-34.882494,-8.063372],[-34.882488,-8.063364],[-34.882303,-8.063095],[-34.882093,-8.062775],[-34.881997,-8.062626],[-34.881888,-8.062452],[-34.88188,-8.06244],[-34.881706,-8.062153],[-34.881662,-8.062085],[-34.881659,-8.062079],[-34.8816,-8.062001],[-34.881599,-8.062],[-34.881561,-8.061954],[-34.881483,-8.061842],[-34.881292,-8.061556],[-34.881107,-8.061267],[-34.880935,-8.060985],[-34.880888,-8.060909],[-34.880859,-8.060864],[-34.880809,-8.060791],[-34.880805,-8.060785],[-34.880755,-8.060716],[-34.880295,-8.059998],[-34.880002,-8.059535],[-34.8796,-8.058914],[-34.879336,-8.058498]]}},{"type":"Feature","properties":{"codlogradouro":"9326","nome":"Travessa Padre Azevedo"},"geometry":{"type":"LineString","coordinates":[[-34.89064,-8.073076],[-34.890198,-8.073099],[-34.890189,-8.0731],[-34.890175,-8.073104],[-34.890163,-8.07311],[-34.890151,-8.073118],[-34.890141,-8.073128],[-34.890133,-8.073139],[-34.890128,-8.073152],[-34.890124,-8.073165],[-34.890124,-8.073169],[-34.889943,-8.073737],[-34.889932,-8.07377],[-34.889798,-8.074182],[-34.889718,-8.074425],[-34.889701,-8.074487],[-34.889572,-8.074908],[-34.889539,-8.074997]]}},{"type":"Feature","properties":{"codlogradouro":"13439","nome":"Rua das Calçadas"},"geometry":{"type":"LineString","coordinates":[[-34.880069,-8.07124],[-34.880007,-8.071154],[-34.879821,-8.07077],[-34.879756,-8.070638],[-34.879622,-8.070355],[-34.879581,-8.070266],[-34.879436,-8.069953],[-34.879412,-8.069887],[-34.87922,-8.069498],[-34.879146,-8.069348],[-34.879053,-8.069146],[-34.879015,-8.069081],[-34.878992,-8.069037],[-34.878771,-8.068611],[-34.878631,-8.068336],[-34.878625,-8.068326]]}},{"type":"Feature","properties":{"codlogradouro":"28681","nome":"Rua Frei Henrique"},"geometry":{"type":"LineString","coordinates":[[-34.881198,-8.069526],[-34.881443,-8.06999],[-34.881766,-8.070556]]}},{"type":"Feature","properties":{"codlogradouro":"31810","nome":"Rua Princesa Isabel"},"geometry":{"type":"LineString","coordinates":[[-34.879874,-8.059617],[-34.880002,-8.059535],[-34.880411,-8.059273],[-34.880585,-8.05916],[-34.881183,-8.058767],[-34.881609,-8.058487],[-34.881717,-8.058427],[-34.882747,-8.057783],[-34.882913,-8.057777],[-34.88301,-8.057762]]}},{"type":"Feature","properties":{"codlogradouro":"33278","nome":"Rua São João"},"geometry":{"type":"LineString","coordinates":[[-34.884674,-8.068662],[-34.884157,-8.068899],[-34.88409,-8.068969],[-34.884067,-8.069029],[-34.882996,-8.069741],[-34.882932,-8.069783],[-34.882448,-8.070104],[-34.882152,-8.0703],[-34.881877,-8.070482],[-34.881487,-8.070741],[-34.881201,-8.070925],[-34.881121,-8.070977],[-34.881052,-8.071011],[-34.88102,-8.071027],[-34.880982,-8.07104],[-34.880948,-8.071055],[-34.88089,-8.071077]]}},{"type":"Feature","properties":{"codlogradouro":"35807","nome":"Avenida Engenheiro José Estelita"},"geometry":{"type":"LineString","coordinates":[[-34.891957,-8.079309],[-34.891951,-8.07927],[-34.891932,-8.079205],[-34.891907,-8.079142],[-34.891874,-8.079082],[-34.891836,-8.079026],[-34.891835,-8.079024],[-34.891657,-8.078728],[-34.891176,-8.077991],[-34.891176,-8.07799],[-34.891158,-8.077959],[-34.891152,-8.077952],[-34.891133,-8.077933],[-34.891117,-8.07792],[-34.891045,-8.077816],[-34.890714,-8.077317],[-34.890667,-8.077241],[-34.890614,-8.077168],[-34.890553,-8.077108],[-34.890524,-8.077073],[-34.8905,-8.077044]]}},{"type":"Feature","properties":{"codlogradouro":"35807","nome":"Avenida Engenheiro José Estelita"},"geometry":{"type":"LineString","coordinates":[[-34.893017,-8.077947],[-34.892992,-8.077944],[-34.892931,-8.07793],[-34.892289,-8.077679],[-34.891514,-8.077371],[-34.88996,-8.076752],[-34.887715,-8.075852],[-34.886102,-8.075212],[-34.884751,-8.074674],[-34.883425,-8.07415],[-34.882004,-8.073574],[-34.881925,-8.073571],[-34.881372,-8.073377]]}},{"type":"Feature","properties":{"codlogradouro":"35807","nome":"Avenida Engenheiro José Estelita"},"geometry":{"type":"LineString","coordinates":[[-34.8905,-8.077044],[-34.890206,-8.076938],[-34.889034,-8.076459],[-34.88861,-8.076293],[-34.888467,-8.076257],[-34.887874,-8.07603],[-34.887624,-8.075907],[-34.887064,-8.075675],[-34.884732,-8.074759],[-34.88299,-8.074067],[-34.881352,-8.073422]]}},{"type":"Feature","properties":{"codlogradouro":"39144","nome":"Rua do Livramento"},"geometry":{"type":"LineString","coordinates":[[-34.877904,-8.066958],[-34.877901,-8.066924],[-34.877904,-8.066887],[-34.877911,-8.066859],[-34.877913,-8.066846],[-34.877913,-8.066815],[-34.877906,-8.066784],[-34.877903,-8.066777]]}},{"type":"Feature","properties":{"codlogradouro":"39144","nome":"Rua do Livramento"},"geometry":{"type":"LineString","coordinates":[[-34.877903,-8.066777],[-34.877973,-8.066808],[-34.877997,-8.066817],[-34.878019,-8.066827],[-34.878047,-8.066848],[-34.878052,-8.066852]]}},{"type":"Feature","properties":{"codlogradouro":"39144","nome":"Rua do Livramento"},"geometry":{"type":"LineString","coordinates":[[-34.877903,-8.066777],[-34.877586,-8.066269],[-34.877584,-8.066266],[-34.877574,-8.066257],[-34.877563,-8.066249],[-34.87755,-8.066243],[-34.877537,-8.066239],[-34.877525,-8.066238],[-34.87748,-8.066235],[-34.877429,-8.066224],[-34.877379,-8.066206],[-34.877373,-8.066203]]}},{"type":"Feature","properties":{"codlogradouro":"43370","nome":"Avenida Martins de Barros"},"geometry":{"type":"LineString","coordinates":[[-34.875958,-8.067004],[-34.876003,-8.066919],[-34.876052,-8.066814],[-34.876052,-8.066813],[-34.876061,-8.066793],[-34.876062,-8.06679],[-34.876087,-8.066739],[-34.876119,-8.066693],[-34.876156,-8.066651],[-34.876175,-8.066629],[-34.876193,-8.066599],[-34.876204,-8.066565],[-34.876207,-8.066545],[-34.87623,-8.066317],[-34.876237,-8.066272],[-34.876249,-8.066199],[-34.876253,-8.066166],[-34.876253,-8.066162],[-34.876261,-8.0661],[-34.876326,-8.065429],[-34.876357,-8.065111],[-34.876358,-8.065076],[-34.876358,-8.065058],[-34.876354,-8.065],[-34.876343,-8.064924],[-34.876336,-8.064894]]}},{"type":"Feature","properties":{"codlogradouro":"43370","nome":"Avenida Martins de Barros"},"geometry":{"type":"LineString","coordinates":[[-34.876336,-8.064894],[-34.876323,-8.064923],[-34.876277,-8.065036],[-34.876256,-8.065097],[-34.876105,-8.066085],[-34.876054,-8.066416],[-34.876051,-8.066432],[-34.876022,-8.066552],[-34.875908,-8.066764],[-34.875858,-8.066861],[-34.875835,-8.066917]]}},{"type":"Feature","properties":{"codlogradouro":"43370","nome":"Avenida Martins de Barros"},"geometry":{"type":"LineString","coordinates":[[-34.876336,-8.064894],[-34.87641,-8.064272],[-34.876414,-8.064253],[-34.876421,-8.064195],[-34.876421,-8.064137],[-34.87642,-8.064122],[-34.876413,-8.064079]]}},{"type":"Feature","properties":{"codlogradouro":"43370","nome":"Avenida Martins de Barros"},"geometry":{"type":"LineString","coordinates":[[-34.876413,-8.064079],[-34.876484,-8.063346]]}},{"type":"Feature","properties":{"codlogradouro":"43370","nome":"Avenida Martins de Barros"},"geometry":{"type":"LineString","coordinates":[[-34.876536,-8.061638],[-34.876518,-8.062018],[-34.876511,-8.062089],[-34.876455,-8.062694],[-34.876435,-8.062934],[-34.8764,-8.063344],[-34.876399,-8.063357],[-34.876352,-8.063879],[-34.876341,-8.063973],[-34.876405,-8.064043],[-34.876409,-8.064061],[-34.876413,-8.064079]]}},{"type":"Feature","properties":{"codlogradouro":"48585","nome":"Rua da Palma"},"geometry":{"type":"LineString","coordinates":[[-34.880064,-8.063159],[-34.880222,-8.063617],[-34.880349,-8.064034],[-34.880495,-8.064514],[-34.880642,-8.064997],[-34.880905,-8.065862],[-34.880981,-8.06612],[-34.881159,-8.066723],[-34.881284,-8.067129],[-34.881334,-8.067289],[-34.881356,-8.067356],[-34.881389,-8.067423],[-34.88143,-8.067499],[-34.881473,-8.067593],[-34.881808,-8.068218],[-34.881914,-8.068429]]}},{"type":"Feature","properties":{"codlogradouro":"58882","nome":"Rua da Roda"},"geometry":{"type":"LineString","coordinates":[[-34.879222,-8.062979],[-34.878739,-8.063012],[-34.878446,-8.063036]]}},{"type":"Feature","properties":{"codlogradouro":"64530","nome":"Rua Vidal de Negreiros"},"geometry":{"type":"LineString","coordinates":[[-34.8819,-8.071359],[-34.882093,-8.071654],[-34.882298,-8.071953],[-34.882315,-8.07198],[-34.882329,-8.072015],[-34.882336,-8.072045]]}},{"type":"Feature","properties":{"codlogradouro":"64530","nome":"Rua Vidal de Negreiros"},"geometry":{"type":"LineString","coordinates":[[-34.881546,-8.071223],[-34.881691,-8.071285],[-34.881785,-8.07132],[-34.881827,-8.071332],[-34.8819,-8.071359]]}},{"type":"Feature","properties":{"codlogradouro":"64530","nome":"Rua Vidal de Negreiros"},"geometry":{"type":"LineString","coordinates":[[-34.880466,-8.069003],[-34.880508,-8.069074],[-34.880524,-8.069095],[-34.880542,-8.069131],[-34.880553,-8.069169],[-34.880557,-8.069209],[-34.880553,-8.069248],[-34.880544,-8.069282],[-34.880582,-8.069328],[-34.880615,-8.069375],[-34.880854,-8.069735],[-34.880898,-8.069801],[-34.881487,-8.070741],[-34.881699,-8.071078],[-34.881801,-8.071275],[-34.8819,-8.071359]]}},{"type":"Feature","properties":{"codlogradouro":"66745","nome":"Praça Visconde de Mauá"},"geometry":{"type":"LineString","coordinates":[[-34.882756,-8.066706],[-34.882788,-8.066694],[-34.882843,-8.066695],[-34.883351,-8.066873]]}},{"type":"Feature","properties":{"codlogradouro":"66982","nome":"Praça Sérgio Loreto"},"geometry":{"type":"LineString","coordinates":[[-34.886448,-8.072624],[-34.885779,-8.072374]]}},{"type":"Feature","properties":{"codlogradouro":"66982","nome":"Praça Sérgio Loreto"},"geometry":{"type":"LineString","coordinates":[[-34.885779,-8.072374],[-34.885547,-8.073077],[-34.885506,-8.073046],[-34.885469,-8.073019],[-34.88543,-8.072984],[-34.885395,-8.072947],[-34.885363,-8.072903],[-34.885022,-8.072452],[-34.884749,-8.072087],[-34.884597,-8.071919]]}},{"type":"Feature","properties":{"codlogradouro":"66982","nome":"Praça Sérgio Loreto"},"geometry":{"type":"LineString","coordinates":[[-34.885779,-8.072374],[-34.884805,-8.072009],[-34.884641,-8.071937],[-34.884597,-8.071919]]}},{"type":"Feature","properties":{"codlogradouro":"66982","nome":"Praça Sérgio Loreto"},"geometry":{"type":"LineString","coordinates":[[-34.884597,-8.071919],[-34.8846,-8.071951],[-34.884612,-8.072001],[-34.88463,-8.07205],[-34.884684,-8.072109],[-34.884908,-8.072414],[-34.885204,-8.072805],[-34.885273,-8.072949],[-34.885277,-8.072962],[-34.885291,-8.073007],[-34.885322,-8.073058],[-34.885406,-8.073195],[-34.885445,-8.073242],[-34.885549,-8.073358]]}},{"type":"Feature","properties":{"codlogradouro":"66982","nome":"Praça Sérgio Loreto"},"geometry":{"type":"LineString","coordinates":[[-34.884597,-8.071919],[-34.884173,-8.072229],[-34.884094,-8.072311],[-34.884,-8.072416],[-34.883905,-8.072487]]}},{"type":"Feature","properties":{"codlogradouro":"67075","nome":"Praça Dom Vital"},"geometry":{"type":"LineString","coordinates":[[-34.878333,-8.068479],[-34.878326,-8.068487],[-34.878321,-8.068493],[-34.878313,-8.068505],[-34.878276,-8.068538],[-34.878242,-8.068565],[-34.878211,-8.068585],[-34.878134,-8.068618],[-34.877924,-8.068704],[-34.877568,-8.068867],[-34.877395,-8.068943],[-34.877393,-8.068904],[-34.877378,-8.06886],[-34.877259,-8.06851],[-34.877214,-8.068334],[-34.877578,-8.068215],[-34.877625,-8.068195],[-34.877668,-8.068168],[-34.877672,-8.068165],[-34.877691,-8.068152],[-34.877733,-8.068129],[-34.878092,-8.067959]]}},{"type":"Feature","properties":{"codlogradouro":"67075","nome":"Praça Dom Vital"},"geometry":{"type":"LineString","coordinates":[[-34.878333,-8.068479],[-34.878092,-8.067959]]}},{"type":"Feature","properties":{"codlogradouro":"67075","nome":"Praça Dom Vital"},"geometry":{"type":"LineString","coordinates":[[-34.878092,-8.067959],[-34.878211,-8.067902],[-34.878235,-8.067889],[-34.878261,-8.067867],[-34.878281,-8.06784],[-34.878294,-8.067813],[-34.878299,-8.0678],[-34.87831,-8.067781],[-34.878361,-8.067886],[-34.878548,-8.068216],[-34.878584,-8.068273],[-34.878611,-8.068304],[-34.878625,-8.068326],[-34.87838,-8.068444],[-34.878379,-8.068444],[-34.87835,-8.068463],[-34.878333,-8.068479]]}},{"type":"Feature","properties":{"codlogradouro":"75566","nome":"Rua Doutor Moacir Baracho"},"geometry":{"type":"LineString","coordinates":[[-34.87707,-8.062136],[-34.876511,-8.062089]]}},{"type":"Feature","properties":{"codlogradouro":"75604","nome":"Rua Nilson Sabino Pinho"},"geometry":{"type":"LineString","coordinates":[[-34.890389,-8.073908],[-34.889932,-8.07377]]}},{"type":"Feature","properties":{"codlogradouro":"76058","nome":"Rua Engenheiro Estevam Marinho"},"geometry":{"type":"LineString","coordinates":[[-34.8916,-8.073432],[-34.89203,-8.073569],[-34.892044,-8.073581],[-34.892053,-8.07359],[-34.892058,-8.073597],[-34.89206,-8.073602],[-34.892061,-8.073603]]}},{"type":"Feature","properties":{"codlogradouro":"11738","nome":"Avenida Conde da Boa Vista"},"geometry":{"type":"LineString","coordinates":[[-34.881662,-8.062085],[-34.881673,-8.062078],[-34.882248,-8.061785],[-34.883328,-8.061235],[-34.884061,-8.060861],[-34.884495,-8.06064],[-34.885596,-8.060065],[-34.88644,-8.059625],[-34.886642,-8.05952],[-34.887541,-8.059],[-34.887776,-8.058865],[-34.889031,-8.058132],[-34.889842,-8.057658],[-34.889903,-8.057624],[-34.889949,-8.057599],[-34.890018,-8.057565],[-34.89005,-8.05755],[-34.890567,-8.05739],[-34.891073,-8.057225],[-34.892122,-8.056896],[-34.892488,-8.056775],[-34.892694,-8.056708],[-34.892979,-8.056615],[-34.893484,-8.056452],[-34.893866,-8.056329],[-34.894202,-8.056219],[-34.894513,-8.056118],[-34.894749,-8.056042],[-34.894827,-8.056011],[-34.894915,-8.055981]]}},{"type":"Feature","properties":{"codlogradouro":"15911","nome":"Rua Duque de Caxias"},"geometry":{"type":"LineString","coordinates":[[-34.877379,-8.06517],[-34.877377,-8.065177],[-34.877375,-8.065193],[-34.877336,-8.065566],[-34.877315,-8.065759],[-34.877315,-8.065789],[-34.877308,-8.06584],[-34.877305,-8.06591],[-34.877309,-8.065981],[-34.87732,-8.066051],[-34.877339,-8.066119],[-34.877365,-8.066185],[-34.877373,-8.066203]]}},{"type":"Feature","properties":{"codlogradouro":"15911","nome":"Rua Duque de Caxias"},"geometry":{"type":"LineString","coordinates":[[-34.87747,-8.064291],[-34.877391,-8.065133],[-34.877386,-8.065152],[-34.877381,-8.065162],[-34.877379,-8.06517]]}},{"type":"Feature","properties":{"codlogradouro":"16756","nome":"Avenida Central"},"geometry":{"type":"LineString","coordinates":[[-34.896768,-8.073873],[-34.896767,-8.07387],[-34.89676,-8.073861],[-34.896752,-8.073853],[-34.896742,-8.073846],[-34.896732,-8.073841],[-34.896646,-8.073803],[-34.896271,-8.073681],[-34.896054,-8.073629],[-34.895991,-8.073613],[-34.895757,-8.07356],[-34.89556,-8.073505],[-34.895414,-8.073464],[-34.894781,-8.073282],[-34.894282,-8.073134],[-34.894066,-8.073069],[-34.894011,-8.073051],[-34.893943,-8.072975],[-34.893897,-8.072942],[-34.893864,-8.072925],[-34.893772,-8.072908],[-34.893125,-8.072816],[-34.892386,-8.072829],[-34.89236,-8.072832],[-34.891632,-8.072861],[-34.891402,-8.072883],[-34.89065,-8.072963]]}},{"type":"Feature","properties":{"codlogradouro":"16756","nome":"Avenida Central"},"geometry":{"type":"LineString","coordinates":[[-34.89065,-8.072963],[-34.890646,-8.07303],[-34.89064,-8.073076]]}},{"type":"Feature","properties":{"codlogradouro":"16756","nome":"Avenida Central"},"geometry":{"type":"LineString","coordinates":[[-34.89065,-8.072963],[-34.890649,-8.072963]]}},{"type":"Feature","properties":{"codlogradouro":"16756","nome":"Avenida Central"},"geometry":{"type":"LineString","coordinates":[[-34.894244,-8.072786],[-34.894757,-8.072947],[-34.895363,-8.07311],[-34.896189,-8.073359],[-34.896944,-8.073574],[-34.897771,-8.07381],[-34.898575,-8.074024],[-34.899064,-8.074176],[-34.900062,-8.074441],[-34.900277,-8.074506],[-34.900308,-8.074516],[-34.900667,-8.074595],[-34.901784,-8.074884],[-34.902618,-8.075136],[-34.903179,-8.075406],[-34.903786,-8.075749]]}},{"type":"Feature","properties":{"codlogradouro":"16756","nome":"Avenida Central"},"geometry":{"type":"LineString","coordinates":[[-34.890645,-8.072619],[-34.890644,-8.072646],[-34.890643,-8.072679],[-34.890642,-8.072724],[-34.890644,-8.072737],[-34.890652,-8.072835],[-34.890652,-8.072933],[-34.89065,-8.072963]]}},{"type":"Feature","properties":{"codlogradouro":"56391","nome":"Avenida Sul Gov. Cid Sampaio"},"geometry":{"type":"LineString","coordinates":[[-34.902067,-8.079405],[-34.901129,-8.07909],[-34.900301,-8.078779],[-34.899964,-8.07869],[-34.897808,-8.077972],[-34.897308,-8.077807],[-34.895377,-8.077165],[-34.893263,-8.076447],[-34.892986,-8.076354],[-34.892876,-8.076317],[-34.892843,-8.076306],[-34.891997,-8.076022],[-34.891993,-8.07602],[-34.891451,-8.075821],[-34.890658,-8.075556],[-34.889712,-8.075221],[-34.889659,-8.075192],[-34.889576,-8.07515],[-34.889248,-8.074988],[-34.888206,-8.074418],[-34.887811,-8.074212],[-34.886957,-8.073916],[-34.886253,-8.073716],[-34.885638,-8.073532],[-34.885236,-8.073403],[-34.885217,-8.073398],[-34.885123,-8.073376],[-34.885028,-8.073362],[-34.884952,-8.073356],[-34.884685,-8.073343],[-34.884575,-8.073335],[-34.88398,-8.073296],[-34.883931,-8.073292],[-34.883827,-8.073278],[-34.883768,-8.073266],[-34.883724,-8.073256],[-34.883687,-8.073247],[-34.882762,-8.072944],[-34.882616,-8.072897],[-34.88184,-8.072644],[-34.881685,-8.072596],[-34.88152,-8.072554],[-34.881362,-8.07252],[-34.881115,-8.072473],[-34.880381,-8.072362],[-34.880294,-8.072349],[-34.880078,-8.072317],[-34.879721,-8.07224],[-34.879546,-8.072226],[-34.879377,-8.072227],[-34.87927,-8.072228],[-34.879056,-8.072223],[-34.878966,-8.072211],[-34.878915,-8.072203],[-34.87889,-8.0722]]}},{"type":"Feature","properties":{"codlogradouro":"56391","nome":"Avenida Sul Gov. Cid Sampaio"},"geometry":{"type":"LineString","coordinates":[[-34.887392,-8.073964],[-34.887867,-8.074121],[-34.88789,-8.07413],[-34.887923,-8.074147],[-34.888747,-8.074567],[-34.889539,-8.074997],[-34.889765,-8.075095],[-34.889983,-8.075178],[-34.890904,-8.075496],[-34.890963,-8.075552],[-34.892031,-8.075915],[-34.892236,-8.075974],[-34.892421,-8.076045],[-34.892619,-8.076101],[-34.89289,-8.076177],[-34.893005,-8.076209],[-34.893014,-8.076212],[-34.893785,-8.07648],[-34.894077,-8.076582],[-34.894968,-8.076898],[-34.895396,-8.077051],[-34.895714,-8.077153],[-34.897167,-8.077621],[-34.897612,-8.077764],[-34.897851,-8.077848],[-34.898465,-8.078063],[-34.899056,-8.078269],[-34.899584,-8.078454],[-34.900364,-8.078708],[-34.900469,-8.078743],[-34.901654,-8.07918]]}},{"type":"Feature","properties":{"codlogradouro":"56391","nome":"Avenida Sul Gov. Cid Sampaio"},"geometry":{"type":"LineString","coordinates":[[-34.887392,-8.073964],[-34.887224,-8.073908],[-34.886338,-8.073614],[-34.885549,-8.073358],[-34.885404,-8.073338],[-34.885403,-8.073338],[-34.885314,-8.07334],[-34.885225,-8.073335],[-34.885136,-8.073323],[-34.885125,-8.073321],[-34.885078,-8.07331],[-34.885026,-8.073293]]}},{"type":"Feature","properties":{"codlogradouro":"56391","nome":"Avenida Sul Gov. Cid Sampaio"},"geometry":{"type":"LineString","coordinates":[[-34.887482,-8.0737],[-34.887392,-8.073964]]}},{"type":"Feature","properties":{"codlogradouro":"73458","nome":"Avenida Rio Capibaribe"},"geometry":{"type":"LineString","coordinates":[[-34.884203,-8.066019],[-34.884278,-8.066064],[-34.884592,-8.066189],[-34.884704,-8.066261],[-34.884905,-8.066446],[-34.885111,-8.066683],[-34.885177,-8.066768],[-34.885237,-8.066858],[-34.88529,-8.066951],[-34.885351,-8.067049],[-34.885725,-8.067722],[-34.885907,-8.068088],[-34.885933,-8.068182],[-34.885989,-8.068412],[-34.886079,-8.068785],[-34.886146,-8.069079],[-34.886167,-8.069165],[-34.88618,-8.069205],[-34.886203,-8.069314],[-34.886243,-8.06943],[-34.886289,-8.069533],[-34.886341,-8.069636],[-34.886391,-8.069723],[-34.886514,-8.069908],[-34.886763,-8.070261],[-34.887015,-8.070611],[-34.887253,-8.070937],[-34.887493,-8.071255],[-34.887692,-8.071508],[-34.887701,-8.071517],[-34.88771,-8.07153],[-34.887717,-8.071544],[-34.887721,-8.07156],[-34.887723,-8.071576],[-34.887721,-8.071592],[-34.887721,-8.071594],[-34.887639,-8.071841],[-34.887649,-8.071883],[-34.887717,-8.071965],[-34.887918,-8.072143],[-34.888112,-8.072285],[-34.888321,-8.072399],[-34.888579,-8.072517],[-34.888831,-8.072587],[-34.889056,-8.07265],[-34.889252,-8.072672],[-34.889455,-8.072693],[-34.889746,-8.07268],[-34.890055,-8.072666],[-34.89038,-8.07265],[-34.890645,-8.072619]]}},{"type":"Feature","properties":{"codlogradouro":"700398","nome":"Rua Interlândia","fora_do_poligono":true},"geometry":{"type":"LineString","coordinates":[[-34.899577,-8.0768],[-34.899895,-8.076896],[-34.900184,-8.076992],[-34.90053,-8.077109],[-34.900618,-8.077137],[-34.900804,-8.077198],[-34.901146,-8.077308],[-34.901417,-8.077395],[-34.901699,-8.077486],[-34.901948,-8.077569],[-34.902044,-8.077599]]}},{"type":"Feature","properties":{"codlogradouro":"700398","nome":"Rua Interlândia","fora_do_poligono":true},"geometry":{"type":"LineString","coordinates":[[-34.899504,-8.075117],[-34.899445,-8.075091],[-34.899393,-8.075062],[-34.899347,-8.075025],[-34.899296,-8.074987],[-34.899271,-8.074968],[-34.8992,-8.075055],[-34.899115,-8.07516],[-34.899105,-8.07517],[-34.899053,-8.075171],[-34.899027,-8.075201],[-34.89889,-8.075387],[-34.898853,-8.075466],[-34.898819,-8.075548],[-34.898791,-8.075641],[-34.898773,-8.075721],[-34.898775,-8.075777],[-34.898768,-8.07587],[-34.898767,-8.075994],[-34.898778,-8.076044],[-34.898865,-8.076273],[-34.898892,-8.076342],[-34.898913,-8.076392],[-34.898949,-8.076448],[-34.899031,-8.07653],[-34.899088,-8.076583],[-34.899129,-8.076606],[-34.899284,-8.076668],[-34.899429,-8.076722],[-34.899587,-8.076758]]}},{"type":"Feature","properties":{"codlogradouro":"13960","nome":"Ponte de Afogados","fora_do_poligono":true},"geometry":{"type":"LineString","coordinates":[[-34.902131,-8.078503],[-34.902212,-8.078532],[-34.902663,-8.078717]]}},{"type":"Feature","properties":{"codlogradouro":"16136","nome":"Rua Dormentos","fora_do_poligono":true},"geometry":{"type":"LineString","coordinates":[[-34.901868,-8.078406],[-34.901865,-8.078417],[-34.901821,-8.078635],[-34.901654,-8.07918]]}},{"type":"Feature","properties":{"codlogradouro":"16950","nome":"Rua Clube Náutico Capibaribe","fora_do_poligono":true},"geometry":{"type":"LineString","coordinates":[[-34.882562,-8.062238],[-34.881997,-8.062626]]}},{"type":"Feature","properties":{"codlogradouro":"23299","nome":"Rua Cabo Eutrópio","fora_do_poligono":true},"geometry":{"type":"LineString","coordinates":[[-34.900308,-8.074516],[-34.900267,-8.074666],[-34.900228,-8.074777],[-34.90018,-8.074932],[-34.900038,-8.075376],[-34.899991,-8.075532],[-34.89991,-8.075784],[-34.899879,-8.075878],[-34.899771,-8.076188],[-34.899757,-8.076242],[-34.899744,-8.076282],[-34.899682,-8.076477],[-34.899666,-8.076532],[-34.899661,-8.07655],[-34.899587,-8.076758],[-34.899577,-8.0768],[-34.899538,-8.076881],[-34.899316,-8.077495],[-34.899296,-8.077552]]}},{"type":"Feature","properties":{"codlogradouro":"23299","nome":"Rua Cabo Eutrópio","fora_do_poligono":true},"geometry":{"type":"LineString","coordinates":[[-34.900856,-8.070767],[-34.90088,-8.07077]]}},{"type":"Feature","properties":{"codlogradouro":"23299","nome":"Rua Cabo Eutrópio","fora_do_poligono":true},"geometry":{"type":"LineString","coordinates":[[-34.900856,-8.070767],[-34.900828,-8.071059],[-34.900794,-8.07137],[-34.900793,-8.071382],[-34.900761,-8.071688],[-34.900755,-8.071735],[-34.900708,-8.072106],[-34.9007,-8.072189],[-34.90069,-8.072287],[-34.900678,-8.072398],[-34.900649,-8.072675],[-34.900591,-8.07315],[-34.900551,-8.07344],[-34.90049,-8.073767],[-34.90035,-8.074325]]}},{"type":"Feature","properties":{"codlogradouro":"23299","nome":"Rua Cabo Eutrópio","fora_do_poligono":true},"geometry":{"type":"LineString","coordinates":[[-34.90034,-8.068787],[-34.900346,-8.068788],[-34.900358,-8.068794],[-34.900369,-8.068801],[-34.900379,-8.068811],[-34.900386,-8.068822],[-34.900392,-8.068834],[-34.900396,-8.068847],[-34.900396,-8.068851],[-34.9004,-8.068862],[-34.900495,-8.069138],[-34.9005,-8.069151],[-34.900607,-8.069427],[-34.900712,-8.069696],[-34.900713,-8.0697],[-34.900856,-8.070069],[-34.900888,-8.070159],[-34.900905,-8.070213],[-34.900913,-8.070313],[-34.900905,-8.070431],[-34.900901,-8.07048],[-34.900856,-8.070767]]}},{"type":"Feature","properties":{"codlogradouro":"26158","nome":"Travessa do Gaspar","fora_do_poligono":true},"geometry":{"type":"LineString","coordinates":[[-34.896768,-8.073873],[-34.896772,-8.073881],[-34.896775,-8.073892],[-34.896776,-8.073903],[-34.896775,-8.073915],[-34.896774,-8.073919],[-34.896481,-8.074806],[-34.896175,-8.075729],[-34.89594,-8.076454],[-34.895871,-8.076668],[-34.895714,-8.077153]]}},{"type":"Feature","properties":{"codlogradouro":"31380","nome":"Rua Itapira","fora_do_poligono":true},"geometry":{"type":"LineString","coordinates":[[-34.898687,-8.077348],[-34.898627,-8.077507],[-34.898562,-8.077716],[-34.898507,-8.07792],[-34.898465,-8.078063]]}},{"type":"Feature","properties":{"codlogradouro":"35955","nome":"Rua Cabo José Gomes","fora_do_poligono":true},"geometry":{"type":"LineString","coordinates":[[-34.900615,-8.077985],[-34.900364,-8.078708]]}},{"type":"Feature","properties":{"codlogradouro":"39462","nome":"Rua Lourenço de Sá","fora_do_poligono":true},"geometry":{"type":"LineString","coordinates":[[-34.895991,-8.073613],[-34.895834,-8.074169],[-34.89556,-8.075036],[-34.895545,-8.075085],[-34.895281,-8.075904],[-34.895183,-8.076213]]}},{"type":"Feature","properties":{"codlogradouro":"45624","nome":"Rua Nantes","fora_do_poligono":true},"geometry":{"type":"LineString","coordinates":[[-34.899917,-8.074722],[-34.899915,-8.074742],[-34.899908,-8.074795],[-34.899871,-8.074794],[-34.899865,-8.074823],[-34.899821,-8.074823],[-34.899813,-8.074823],[-34.899709,-8.074834],[-34.899658,-8.074839],[-34.899617,-8.074842],[-34.899593,-8.074929],[-34.899572,-8.07493],[-34.899533,-8.075052],[-34.899504,-8.075117],[-34.899503,-8.075141],[-34.899454,-8.075262],[-34.899455,-8.075281],[-34.899768,-8.075437],[-34.899991,-8.075532]]}},{"type":"Feature","properties":{"codlogradouro":"48348","nome":"Rua Pacatuba","fora_do_poligono":true},"geometry":{"type":"LineString","coordinates":[[-34.897395,-8.076923],[-34.897167,-8.077621]]}},{"type":"Feature","properties":{"codlogradouro":"54470","nome":"Rua Dr Sebastião Lins","fora_do_poligono":true},"geometry":{"type":"LineString","coordinates":[[-34.882425,-8.062064],[-34.88188,-8.06244]]}},{"type":"Feature","properties":{"codlogradouro":"57169","nome":"Rua Ministro Costa cavalcanti","fora_do_poligono":true},"geometry":{"type":"LineString","coordinates":[[-34.898699,-8.075263],[-34.898721,-8.075289],[-34.89873,-8.075301],[-34.898751,-8.07532],[-34.898782,-8.075339],[-34.89889,-8.075387]]}},{"type":"Feature","properties":{"codlogradouro":"57169","nome":"Rua Ministro Costa cavalcanti","fora_do_poligono":true},"geometry":{"type":"LineString","coordinates":[[-34.898699,-8.075263],[-34.898842,-8.075103],[-34.898932,-8.074987],[-34.899115,-8.074792],[-34.899199,-8.074733],[-34.899245,-8.074697],[-34.899277,-8.074656],[-34.899295,-8.074621],[-34.899296,-8.074618],[-34.899296,-8.074612],[-34.899296,-8.074606],[-34.899295,-8.074603],[-34.899294,-8.074599],[-34.899291,-8.074594],[-34.899287,-8.074588],[-34.899283,-8.074584],[-34.899278,-8.07458],[-34.899272,-8.074578],[-34.899266,-8.074576],[-34.899264,-8.074576],[-34.898657,-8.074403],[-34.898306,-8.074308],[-34.898265,-8.074299],[-34.898255,-8.074301],[-34.898244,-8.074309],[-34.898223,-8.074338],[-34.898219,-8.074356],[-34.898221,-8.074386],[-34.89824,-8.074432],[-34.898262,-8.074473],[-34.898339,-8.074573],[-34.898373,-8.074676],[-34.898401,-8.074788],[-34.898421,-8.07484],[-34.898443,-8.0749],[-34.898469,-8.074963],[-34.898541,-8.075106],[-34.898618,-8.075193],[-34.898699,-8.075263]]}},{"type":"Feature","properties":{"codlogradouro":"56944","nome":"Rua Regência","fora_do_poligono":true},"geometry":{"type":"LineString","coordinates":[[-34.89889,-8.075387],[-34.89953,-8.075647],[-34.89991,-8.075784]]}},{"type":"Feature","properties":{"codlogradouro":"56987","nome":"Rua José Baptista de Almeida","fora_do_poligono":true},"geometry":{"type":"LineString","coordinates":[[-34.898932,-8.074987],[-34.898628,-8.074902],[-34.898421,-8.07484]]}},{"type":"Feature","properties":{"codlogradouro":"57134","nome":"Rua Padre José dos Santos Mousinho","fora_do_poligono":true},"geometry":{"type":"LineString","coordinates":[[-34.899115,-8.074792],[-34.899006,-8.074751],[-34.898571,-8.074635],[-34.898339,-8.074573]]}},{"type":"Feature","properties":{"codlogradouro":"58980","nome":"4ª Travessa Realeza","fora_do_poligono":true},"geometry":{"type":"LineString","coordinates":[[-34.903273,-8.075761],[-34.90327,-8.075758],[-34.903215,-8.075737],[-34.903191,-8.075736],[-34.903011,-8.075684],[-34.902935,-8.075647],[-34.902858,-8.075617],[-34.902744,-8.075584],[-34.902665,-8.075559],[-34.902584,-8.07555],[-34.90256,-8.075552]]}},{"type":"Feature","properties":{"codlogradouro":"60682","nome":"Rua Imperatriz Tereza Cristina","fora_do_poligono":true},"geometry":{"type":"LineString","coordinates":[[-34.88533,-8.062652],[-34.88388,-8.063056],[-34.882619,-8.063407],[-34.882531,-8.063431]]}},{"type":"Feature","properties":{"codlogradouro":"70769","nome":"1ª Travessa Interlandia","fora_do_poligono":true},"geometry":{"type":"LineString","coordinates":[[-34.901559,-8.076975],[-34.901423,-8.077372],[-34.901417,-8.077395]]}},{"type":"Feature","properties":{"codlogradouro":"72605","nome":"Rua Oscar Melo","fora_do_poligono":true},"geometry":{"type":"LineString","coordinates":[[-34.899296,-8.077552],[-34.89925,-8.077683],[-34.899056,-8.078269]]}},{"type":"Feature","properties":{"codlogradouro":"73512","nome":"Rua do Maruim","fora_do_poligono":true},"geometry":{"type":"LineString","coordinates":[[-34.900835,-8.074841],[-34.900184,-8.076992]]}},{"type":"Feature","properties":{"codlogradouro":"75639","nome":"Rua S D 4038","fora_do_poligono":true},"geometry":{"type":"LineString","coordinates":[[-34.897443,-8.078678],[-34.897443,-8.078678],[-34.897479,-8.07867],[-34.897512,-8.078655],[-34.897542,-8.078634],[-34.897566,-8.078606],[-34.897584,-8.078575],[-34.897588,-8.078565],[-34.897808,-8.077972],[-34.897851,-8.077848]]}},{"type":"Feature","properties":{"codlogradouro":"79804","nome":"Travessa Potengi","fora_do_poligono":true},"geometry":{"type":"LineString","coordinates":[[-34.902156,-8.077186],[-34.901839,-8.077078],[-34.901761,-8.077052],[-34.901559,-8.076975],[-34.901286,-8.076865],[-34.900982,-8.076745]]}},{"type":"Feature","properties":{"codlogradouro":"79855","nome":"Travessa da Rua Guapua","fora_do_poligono":true},"geometry":{"type":"LineString","coordinates":[[-34.965289,-8.088053],[-34.96526,-8.088046],[-34.965161,-8.088008],[-34.965036,-8.087969],[-34.964898,-8.087924],[-34.96482,-8.087894],[-34.964789,-8.087916],[-34.964739,-8.087976],[-34.964735,-8.088058],[-34.96472,-8.088284],[-34.96472,-8.088403]]}},{"type":"Feature","properties":{"codlogradouro":"79855","nome":"Travessa da Rua Guapua","fora_do_poligono":true},"geometry":{"type":"LineString","coordinates":[[-34.90127,-8.07599],[-34.901011,-8.075893]]}},{"type":"Feature","properties":{"codlogradouro":"80110","nome":"Travessa Interlandia","fora_do_poligono":true},"geometry":{"type":"LineString","coordinates":[[-34.901839,-8.077078],[-34.901699,-8.077486]]}},{"type":"Feature","properties":{"codlogradouro":"80110","nome":"Travessa Interlandia","fora_do_poligono":true},"geometry":{"type":"LineString","coordinates":[[-34.916807,-7.993267],[-34.916787,-7.993261],[-34.916743,-7.993249],[-34.916659,-7.993226],[-34.916631,-7.993218],[-34.916566,-7.993199],[-34.916506,-7.993185],[-34.916488,-7.99318],[-34.916426,-7.993165],[-34.916381,-7.993138],[-34.916337,-7.993115],[-34.916299,-7.993095],[-34.916256,-7.993073],[-34.916254,-7.993072],[-34.91622,-7.993056],[-34.916204,-7.993048]]}},{"type":"Feature","properties":{"codlogradouro":"88064","nome":"Rua Fiscal Inaldo Xaxier de Siqueira Santos","fora_do_poligono":true},"geometry":{"type":"LineString","coordinates":[[-34.881575,-8.060722],[-34.881002,-8.061094]]}},{"type":"Feature","properties":{"codlogradouro":"88862","nome":"Ponte General Eudoro Correia","fora_do_poligono":true},"geometry":{"type":"LineString","coordinates":[[-34.902171,-8.079754],[-34.901729,-8.079608]]}},{"type":"Feature","properties":{"codlogradouro":"88862","nome":"Ponte General Eudoro Correia","fora_do_poligono":true},"geometry":{"type":"LineString","coordinates":[[-34.902285,-8.079413],[-34.901654,-8.07918]]}},{"type":"Feature","properties":{"codlogradouro":"88889","nome":"Ponte Preta de Afogados","fora_do_poligono":true},"geometry":{"type":"LineString","coordinates":[[-34.90406,-8.075902],[-34.903786,-8.075749]]}},{"type":"Feature","properties":{"codlogradouro":"89443","nome":"2ª Travessa Interlandia","fora_do_poligono":true},"geometry":{"type":"LineString","coordinates":[[-34.901287,-8.076865],[-34.901153,-8.077282],[-34.901146,-8.077308]]}},{"type":"Feature","properties":{"codlogradouro":"99236","nome":"Travessa Realeza","fora_do_poligono":true},"geometry":{"type":"LineString","coordinates":[[-34.902446,-8.076306],[-34.902081,-8.076168],[-34.90171,-8.07603],[-34.901429,-8.075929],[-34.901373,-8.075916]]}},{"type":"Feature","properties":{"codlogradouro":"99244","nome":"3ª Travessa Realeza","fora_do_poligono":true},"geometry":{"type":"LineString","coordinates":[[-34.902566,-8.075703],[-34.902175,-8.075575],[-34.901603,-8.075381]]}},{"type":"Feature","properties":{"codlogradouro":"99260","nome":"5ª Travessa Realeza","fora_do_poligono":true},"geometry":{"type":"LineString","coordinates":[[-34.903273,-8.075761],[-34.903273,-8.075766],[-34.903231,-8.075844],[-34.903196,-8.075921],[-34.903157,-8.075957],[-34.903116,-8.076003],[-34.903088,-8.076059],[-34.903029,-8.076182],[-34.902985,-8.076284],[-34.902948,-8.076354],[-34.9029,-8.076456],[-34.902848,-8.076553],[-34.902817,-8.076596]]}},{"type":"Feature","properties":{"codlogradouro":"114073","nome":"Travessa Imperial","fora_do_poligono":true},"geometry":{"type":"LineString","coordinates":[[-34.898501,-8.076004],[-34.898507,-8.076122],[-34.898433,-8.076368],[-34.8983,-8.076847],[-34.89822,-8.077093],[-34.898179,-8.07717]]}},{"type":"Feature","properties":{"codlogradouro":"115908","nome":"2ª Travessa Realeza","fora_do_poligono":true},"geometry":{"type":"LineString","coordinates":[[-34.901502,-8.075638],[-34.901538,-8.075655],[-34.901751,-8.075728],[-34.902115,-8.075863],[-34.902547,-8.076004]]}},{"type":"Feature","properties":{"codlogradouro":"700320","nome":"Travessa Cabo Eutropio","fora_do_poligono":true},"geometry":{"type":"LineString","coordinates":[[-34.899114,-8.076319],[-34.899172,-8.076343],[-34.899332,-8.076403],[-34.899459,-8.076451],[-34.899568,-8.076493],[-34.899632,-8.076519],[-34.899666,-8.076532]]}},{"type":"Feature","properties":{"codlogradouro":"700339","nome":"1ª Travessa Cabo Eutrópio","fora_do_poligono":true},"geometry":{"type":"LineString","coordinates":[[-34.899771,-8.076188],[-34.8997,-8.076156],[-34.899348,-8.076019],[-34.899274,-8.075993],[-34.899256,-8.076011],[-34.89915,-8.075971],[-34.898982,-8.075884],[-34.898837,-8.075809],[-34.898798,-8.07579],[-34.898775,-8.075777]]}},{"type":"Feature","properties":{"codlogradouro":"705284","nome":"Rua Realeza","fora_do_poligono":true},"geometry":{"type":"LineString","coordinates":[[-34.90256,-8.075552],[-34.902561,-8.075594],[-34.902566,-8.075703],[-34.902571,-8.075769],[-34.902563,-8.075895],[-34.902547,-8.076004],[-34.902462,-8.076256],[-34.902446,-8.076306],[-34.902282,-8.076804],[-34.902157,-8.077181],[-34.902044,-8.077599],[-34.901843,-8.078398]]}},{"type":"Feature","properties":{"codlogradouro":"57266","nome":"Rua do Riachuelo","fora_do_poligono":true},"geometry":{"type":"LineString","coordinates":[[-34.883406,-8.05869],[-34.883433,-8.059045],[-34.883437,-8.059063],[-34.883439,-8.059084],[-34.883437,-8.059104],[-34.883432,-8.059124],[-34.883423,-8.059143],[-34.883412,-8.05916],[-34.883397,-8.059175],[-34.88338,-8.059187],[-34.883366,-8.059194],[-34.882548,-8.059705],[-34.881987,-8.060056],[-34.881387,-8.06043],[-34.880809,-8.060791]]}},{"type":"Feature","properties":{"codlogradouro":"57266","nome":"Rua do Riachuelo","fora_do_poligono":true},"geometry":{"type":"LineString","coordinates":[[-34.886885,-8.05762],[-34.886763,-8.057694],[-34.886266,-8.057982],[-34.886014,-8.058129],[-34.885693,-8.058307],[-34.885661,-8.058324],[-34.885647,-8.058332],[-34.885578,-8.058368],[-34.885008,-8.058584],[-34.884628,-8.058723],[-34.883536,-8.05913],[-34.883465,-8.059207],[-34.88338,-8.059263],[-34.882597,-8.05978],[-34.882034,-8.060131],[-34.881435,-8.060504],[-34.880859,-8.060864]]}},{"type":"Feature","properties":{"codlogradouro":"99252","nome":"Rua Torquato da Silva Castro","fora_do_poligono":true},"geometry":{"type":"LineString","coordinates":[[-34.901415,-8.074997],[-34.90133,-8.075237],[-34.901208,-8.075396],[-34.901097,-8.075665],[-34.901011,-8.075893],[-34.90053,-8.077109]]}},{"type":"Feature","properties":{"codlogradouro":"114081","nome":"2ª Travessa Cabo Eutrópio","fora_do_poligono":true},"geometry":{"type":"LineString","coordinates":[[-34.900228,-8.074777],[-34.900179,-8.074766],[-34.900051,-8.074742],[-34.899917,-8.074722],[-34.899906,-8.07471],[-34.899842,-8.074709],[-34.899796,-8.074704],[-34.89969,-8.074718],[-34.899646,-8.074724],[-34.899631,-8.074737],[-34.899568,-8.074753],[-34.899448,-8.074781],[-34.89944,-8.074789],[-34.899406,-8.0748],[-34.899345,-8.074827],[-34.899329,-8.074854],[-34.899283,-8.074881],[-34.899271,-8.074886],[-34.899243,-8.074895],[-34.899221,-8.074908],[-34.899203,-8.074924],[-34.899138,-8.074994],[-34.899122,-8.07501],[-34.899063,-8.075075],[-34.899031,-8.075113],[-34.899064,-8.075141],[-34.899091,-8.07516],[-34.899105,-8.07517]]}},{"type":"Feature","properties":{"codlogradouro":"115894","nome":"1ª Travessa Realeza","fora_do_poligono":true},"geometry":{"type":"LineString","coordinates":[[-34.903007,-8.076837],[-34.902917,-8.076731],[-34.902892,-8.0767],[-34.902826,-8.076634],[-34.902824,-8.076603],[-34.902817,-8.076596],[-34.902751,-8.076534],[-34.902606,-8.076378],[-34.902545,-8.07632],[-34.902505,-8.076283],[-34.90249,-8.076269],[-34.902486,-8.076265],[-34.902462,-8.076256]]}},{"type":"Feature","properties":{"codlogradouro":"700827","nome":"Beco dos Caducos","fora_do_poligono":true},"geometry":{"type":"LineString","coordinates":[[-34.901694,-8.075078],[-34.901603,-8.075381],[-34.901569,-8.075476],[-34.901521,-8.075614],[-34.901502,-8.075638],[-34.901474,-8.075658],[-34.901393,-8.075884],[-34.901385,-8.075901],[-34.901373,-8.075916],[-34.901346,-8.075926],[-34.901322,-8.075936],[-34.901304,-8.075951],[-34.901289,-8.075966],[-34.90127,-8.07599],[-34.901223,-8.076126],[-34.901086,-8.076479],[-34.900982,-8.076745],[-34.900919,-8.076897],[-34.900828,-8.07714],[-34.900804,-8.077198]]}}]}